0.000183105,6.30781e-05
0.000549316,6.30781e-05
0.000915527,7.88476e-05
0.00128174,6.30781e-05
0.00164795,6.30781e-05
0.00201416,8.67323e-05
0.00238037,0.000102502
0.00274658,7.88476e-05
0.00311279,7.09628e-05
0.003479,8.67323e-05
0.00384521,7.09628e-05
0.00421143,0.000102502
0.00457764,0.000134041
0.00494385,0.000102502
0.00531006,0.000110387
0.00567627,0.000141926
0.00604248,0.000134041
0.00640869,0.00016558
0.0067749,6.30781e-05
0.00714111,9.46171e-05
0.00750732,0.000141926
0.00787354,0.000126156
0.00823975,0.000126156
0.00860596,0.000157695
0.00897217,0.000189234
0.00933838,0.00014981
0.00970459,0.00014981
0.0100708,0.000110387
0.010437,0.000157695
0.0108032,0.00014981
0.0111694,0.000126156
0.0115356,0.00016558
0.0119019,0.00016558
0.0122681,0.000126156
0.0126343,0.00014981
0.0130005,0.000205004
0.0133667,0.000157695
0.0137329,0.000102502
0.0140991,0.000228658
0.0144653,0.000157695
0.0148315,0.000118271
0.0151978,0.00016558
0.015564,0.000205004
0.0159302,0.000141926
0.0162964,0.00014981
0.0166626,0.000118271
0.0170288,0.00014981
0.017395,0.000126156
0.0177612,0.00014981
0.0181274,0.000118271
0.0184937,0.000157695
0.0188599,0.000126156
0.0192261,0.000189234
0.0195923,0.000205004
0.0199585,0.000141926
0.0203247,0.000118271
0.0206909,0.000134041
0.0210571,0.000118271
0.0214233,0.000173465
0.0217896,0.000173465
0.0221558,0.000141926
0.022522,0.00014981
0.0228882,0.000102502
0.0232544,0.00014981
0.0236206,0.000173465
0.0239868,0.000181349
0.024353,7.88476e-05
0.0247192,0.00014981
0.0250854,0.000134041
0.0254517,0.000126156
0.0258179,0.000118271
0.0261841,0.000157695
0.0265503,0.000126156
0.0269165,0.000197119
0.0272827,0.000126156
0.0276489,0.000118271
0.0280151,0.00014981
0.0283813,0.000118271
0.0287476,0.000110387
0.0291138,7.09628e-05
0.02948,0.000141926
0.0298462,0.000189234
0.0302124,0.000173465
0.0305786,9.46171e-05
0.0309448,0.000189234
0.031311,0.000181349
0.0316772,0.000141926
0.0320435,0.000157695
0.0324097,0.00014981
0.0327759,7.88476e-05
0.0331421,0.000141926
0.0335083,0.000110387
0.0338745,0.000126156
0.0342407,0.000157695
0.0346069,7.88476e-05
0.0349731,0.000118271
0.0353394,0.000134041
0.0357056,0.000118271
0.0360718,0.000118271
0.036438,0.000181349
0.0368042,0.000189234
0.0371704,0.000141926
0.0375366,0.000134041
0.0379028,0.000244427
0.038269,0.00016558
0.0386353,0.000189234
0.0390015,0.000181349
0.0393677,0.000220773
0.0397339,0.000118271
0.0401001,0.000157695
0.0404663,0.000189234
0.0408325,0.000110387
0.0411987,0.000205004
0.0415649,7.09628e-05
0.0419312,0.00016558
0.0422974,0.000173465
0.0426636,0.000197119
0.0430298,0.00014981
0.043396,0.000205004
0.0437622,0.000134041
0.0441284,0.00016558
0.0444946,0.000157695
0.0448608,0.000157695
0.0452271,0.00016558
0.0455933,0.000197119
0.0459595,0.000157695
0.0463257,0.000141926
0.0466919,0.000212888
0.0470581,0.000126156
0.0474243,0.000220773
0.0477905,0.000173465
0.0481567,0.000189234
0.0485229,0.000141926
0.0488892,0.000157695
0.0492554,0.000157695
0.0496216,0.00016558
0.0499878,0.000141926
0.050354,0.000173465
0.0507202,0.000244427
0.0510864,0.000197119
0.0514526,0.000181349
0.0518188,0.00016558
0.0521851,0.000134041
0.0525513,0.000189234
0.0529175,0.000197119
0.0532837,0.000110387
0.0536499,0.00014981
0.0540161,0.000157695
0.0543823,0.00014981
0.0547485,0.00014981
0.0551147,0.000126156
0.055481,0.000110387
0.0558472,0.00014981
0.0562134,0.000189234
0.0565796,0.000181349
0.0569458,0.000197119
0.057312,0.000134041
0.0576782,0.00014981
0.0580444,0.000141926
0.0584106,0.000126156
0.0587769,7.09628e-05
0.0591431,0.000197119
0.0595093,0.000110387
0.0598755,0.000141926
0.0602417,0.000197119
0.0606079,0.00014981
0.0609741,0.000252312
0.0613403,0.000181349
0.0617065,0.000157695
0.0620728,0.000212888
0.062439,0.000197119
0.0628052,0.000205004
0.0631714,0.000126156
0.0635376,0.000212888
0.0639038,0.000173465
0.06427,0.000197119
0.0646362,0.000134041
0.0650024,0.000189234
0.0653687,0.000141926
0.0657349,0.000220773
0.0661011,0.00014981
0.0664673,0.000181349
0.0668335,0.000205004
0.0671997,0.000197119
0.0675659,0.000181349
0.0679321,0.000181349
0.0682983,0.000252312
0.0686646,0.000173465
0.0690308,0.000110387
0.069397,0.000141926
0.0697632,0.00014981
0.0701294,0.000220773
0.0704956,0.000244427
0.0708618,0.000189234
0.071228,0.000244427
0.0715942,0.000141926
0.0719604,0.000197119
0.0723267,0.000220773
0.0726929,0.000134041
0.0730591,0.000189234
0.0734253,0.000220773
0.0737915,0.000157695
0.0741577,0.000134041
0.0745239,0.000181349
0.0748901,0.000228658
0.0752563,0.000157695
0.0756226,0.000157695
0.0759888,0.000205004
0.076355,0.000157695
0.0767212,0.000134041
0.0770874,0.00014981
0.0774536,0.000157695
0.0778198,0.000189234
0.078186,0.000212888
0.0785522,0.000220773
0.0789185,0.000189234
0.0792847,0.000118271
0.0796509,0.000236543
0.0800171,0.000157695
0.0803833,0.000197119
0.0807495,0.000212888
0.0811157,0.000228658
0.0814819,0.000141926
0.0818481,0.000291736
0.0822144,0.000197119
0.0825806,0.000197119
0.0829468,0.000220773
0.083313,0.000228658
0.0836792,0.000212888
0.0840454,0.000212888
0.0844116,0.000260197
0.0847778,0.000197119
0.085144,0.000189234
0.0855103,0.00014981
0.0858765,0.000205004
0.0862427,0.000181349
0.0866089,0.000205004
0.0869751,0.000260197
0.0873413,0.000141926
0.0877075,0.000212888
0.0880737,0.000181349
0.0884399,0.000236543
0.0888062,0.000283851
0.0891724,0.000173465
0.0895386,0.000228658
0.0899048,0.000260197
0.090271,0.000299621
0.0906372,0.000252312
0.0910034,0.000244427
0.0913696,0.000228658
0.0917358,0.000220773
0.0921021,0.000291736
0.0924683,0.000189234
0.0928345,0.000268082
0.0932007,0.000275966
0.0935669,0.000212888
0.0939331,0.000197119
0.0942993,0.000181349
0.0946655,0.000205004
0.0950317,0.000189234
0.0953979,0.000228658
0.0957642,0.000134041
0.0961304,0.000299621
0.0964966,0.000283851
0.0968628,0.000181349
0.097229,0.000220773
0.0975952,0.000236543
0.0979614,0.000212888
0.0983276,0.00031539
0.0986938,0.00016558
0.0990601,0.000283851
0.0994263,0.000212888
0.0997925,0.000260197
0.100159,0.000244427
0.100525,0.000244427
0.100891,0.000275966
0.101257,0.000252312
0.101624,0.000268082
0.10199,0.000283851
0.102356,0.000220773
0.102722,0.000244427
0.103088,0.000244427
0.103455,0.000299621
0.103821,0.000228658
0.104187,0.000228658
0.104553,0.000220773
0.104919,0.000275966
0.105286,0.000275966
0.105652,0.000275966
0.106018,0.000252312
0.106384,0.000228658
0.10675,0.000220773
0.107117,0.000197119
0.107483,0.000260197
0.107849,0.000260197
0.108215,0.000252312
0.108582,0.000205004
0.108948,0.000244427
0.109314,0.000275966
0.10968,0.000252312
0.110046,0.000268082
0.110413,0.000268082
0.110779,0.000283851
0.111145,0.000252312
0.111511,0.000283851
0.111877,0.000275966
0.112244,0.000323275
0.11261,0.00033116
0.112976,0.000189234
0.113342,0.000252312
0.113708,0.000260197
0.114075,0.000275966
0.114441,0.000228658
0.114807,0.000275966
0.115173,0.000260197
0.11554,0.000323275
0.115906,0.000173465
0.116272,0.000244427
0.116638,0.000307505
0.117004,0.000181349
0.117371,0.000307505
0.117737,0.000244427
0.118103,0.000339045
0.118469,0.000244427
0.118835,0.000362699
0.119202,0.000275966
0.119568,0.000268082
0.119934,0.000236543
0.1203,0.000323275
0.120667,0.00016558
0.121033,0.000228658
0.121399,0.000228658
0.121765,0.000275966
0.122131,0.000425777
0.122498,0.000260197
0.122864,0.00033116
0.12323,0.000339045
0.123596,0.000275966
0.123962,0.000275966
0.124329,0.000260197
0.124695,0.000212888
0.125061,0.000252312
0.125427,0.000228658
0.125793,0.000323275
0.12616,0.000275966
0.126526,0.000370584
0.126892,0.000260197
0.127258,0.000323275
0.127625,0.000205004
0.127991,0.000299621
0.128357,0.000244427
0.128723,0.000299621
0.129089,0.000228658
0.129456,0.00033116
0.129822,0.000283851
0.130188,0.000323275
0.130554,0.000268082
0.13092,0.000291736
0.131287,0.000283851
0.131653,0.00016558
0.132019,0.000260197
0.132385,0.000228658
0.132751,0.000260197
0.133118,0.000307505
0.133484,0.000299621
0.13385,0.000268082
0.134216,0.000370584
0.134583,0.000283851
0.134949,0.000252312
0.135315,0.000268082
0.135681,0.00031539
0.136047,0.000299621
0.136414,0.000252312
0.13678,0.000260197
0.137146,0.000346929
0.137512,0.000252312
0.137878,0.000228658
0.138245,0.000236543
0.138611,0.000307505
0.138977,0.00033116
0.139343,0.000244427
0.139709,0.000228658
0.140076,0.000275966
0.140442,0.000291736
0.140808,0.000244427
0.141174,0.000291736
0.141541,0.000236543
0.141907,0.000173465
0.142273,0.00033116
0.142639,0.000291736
0.143005,0.000291736
0.143372,0.000275966
0.143738,0.000220773
0.144104,0.000212888
0.14447,0.000275966
0.144836,0.000299621
0.145203,0.000236543
0.145569,0.000220773
0.145935,0.000291736
0.146301,0.000307505
0.146667,0.000268082
0.147034,0.000260197
0.1474,0.000299621
0.147766,0.000268082
0.148132,0.00033116
0.148499,0.000197119
0.148865,0.000299621
0.149231,0.000244427
0.149597,0.000299621
0.149963,0.000244427
0.15033,0.000323275
0.150696,0.000205004
0.151062,0.000275966
0.151428,0.000212888
0.151794,0.000307505
0.152161,0.000236543
0.152527,0.00031539
0.152893,0.000268082
0.153259,0.000307505
0.153625,0.000410007
0.153992,0.000236543
0.154358,0.000299621
0.154724,0.000244427
0.15509,0.000244427
0.155457,0.000283851
0.155823,0.000244427
0.156189,0.000268082
0.156555,0.000205004
0.156921,0.00033116
0.157288,0.000244427
0.157654,0.00014981
0.15802,0.000299621
0.158386,0.000283851
0.158752,0.00033116
0.159119,0.000252312
0.159485,0.000220773
0.159851,0.000299621
0.160217,0.000362699
0.160583,0.000236543
0.16095,0.000244427
0.161316,0.000323275
0.161682,0.000275966
0.162048,0.000283851
0.162415,0.00014981
0.162781,0.000157695
0.163147,0.000307505
0.163513,0.000205004
0.163879,0.000220773
0.164246,0.000252312
0.164612,0.000275966
0.164978,0.000323275
0.165344,0.000236543
0.16571,0.000220773
0.166077,0.000228658
0.166443,0.000275966
0.166809,0.000212888
0.167175,0.000275966
0.167542,0.000189234
0.167908,0.000291736
0.168274,0.000268082
0.16864,0.000268082
0.169006,0.000378468
0.169373,0.000291736
0.169739,0.000283851
0.170105,0.00031539
0.170471,0.000283851
0.170837,0.000244427
0.171204,0.000228658
0.17157,0.000307505
0.171936,0.000268082
0.172302,0.000354814
0.172668,0.000260197
0.173035,0.000457316
0.173401,0.000244427
0.173767,0.000283851
0.174133,0.000228658
0.1745,0.000268082
0.174866,0.000346929
0.175232,0.000283851
0.175598,0.000228658
0.175964,0.000339045
0.176331,0.000291736
0.176697,0.000205004
0.177063,0.000307505
0.177429,0.000394238
0.177795,0.000260197
0.178162,0.000299621
0.178528,0.000275966
0.178894,0.000299621
0.17926,0.000260197
0.179626,0.000252312
0.179993,0.000275966
0.180359,0.000323275
0.180725,0.000323275
0.181091,0.000339045
0.181458,0.000362699
0.181824,0.00033116
0.18219,0.000268082
0.182556,0.000275966
0.182922,0.000323275
0.183289,0.000268082
0.183655,0.000291736
0.184021,0.000339045
0.184387,0.000291736
0.184753,0.000283851
0.18512,0.000260197
0.185486,0.000362699
0.185852,0.000260197
0.186218,0.000291736
0.186584,0.000370584
0.186951,0.00033116
0.187317,0.000275966
0.187683,0.000354814
0.188049,0.000307505
0.188416,0.000354814
0.188782,0.000260197
0.189148,0.000307505
0.189514,0.000275966
0.18988,0.00033116
0.190247,0.000362699
0.190613,0.000370584
0.190979,0.00033116
0.191345,0.000323275
0.191711,0.000252312
0.192078,0.000291736
0.192444,0.000307505
0.19281,0.00031539
0.193176,0.00031539
0.193542,0.000354814
0.193909,0.000275966
0.194275,0.000307505
0.194641,0.000362699
0.195007,0.000354814
0.195374,0.000433662
0.19574,0.000307505
0.196106,0.000354814
0.196472,0.000275966
0.196838,0.000283851
0.197205,0.00033116
0.197571,0.000197119
0.197937,0.000299621
0.198303,0.000291736
0.198669,0.000370584
0.199036,0.000307505
0.199402,0.000378468
0.199768,0.000275966
0.200134,0.000299621
0.2005,0.000362699
0.200867,0.000346929
0.201233,0.000339045
0.201599,0.000410007
0.201965,0.00031539
0.202332,0.000307505
0.202698,0.000244427
0.203064,0.000244427
0.20343,0.000275966
0.203796,0.000370584
0.204163,0.000291736
0.204529,0.00033116
0.204895,0.000323275
0.205261,0.000307505
0.205627,0.000339045
0.205994,0.000244427
0.20636,0.000283851
0.206726,0.000275966
0.207092,0.000362699
0.207458,0.000283851
0.207825,0.000228658
0.208191,0.000362699
0.208557,0.000283851
0.208923,0.000291736
0.20929,0.000346929
0.209656,0.000291736
0.210022,0.000283851
0.210388,0.000252312
0.210754,0.000346929
0.211121,0.000236543
0.211487,0.000307505
0.211853,0.000354814
0.212219,0.000275966
0.212585,0.00033116
0.212952,0.000275966
0.213318,0.000275966
0.213684,0.000173465
0.21405,0.000291736
0.214417,0.000275966
0.214783,0.000236543
0.215149,0.000268082
0.215515,0.000268082
0.215881,0.000291736
0.216248,0.000260197
0.216614,0.00033116
0.21698,0.000362699
0.217346,0.000323275
0.217712,0.000307505
0.218079,0.000275966
0.218445,0.00031539
0.218811,0.000252312
0.219177,0.000236543
0.219543,0.000339045
0.21991,0.000299621
0.220276,0.000275966
0.220642,0.000275966
0.221008,0.000323275
0.221375,0.000307505
0.221741,0.000275966
0.222107,0.000205004
0.222473,0.000268082
0.222839,0.00033116
0.223206,0.00031539
0.223572,0.000370584
0.223938,0.000212888
0.224304,0.000220773
0.22467,0.000323275
0.225037,0.000205004
0.225403,0.000283851
0.225769,0.000236543
0.226135,0.000410007
0.226501,0.000275966
0.226868,0.000307505
0.227234,0.00033116
0.2276,0.000275966
0.227966,0.000354814
0.228333,0.000228658
0.228699,0.00031539
0.229065,0.000228658
0.229431,0.000299621
0.229797,0.000299621
0.230164,0.000260197
0.23053,0.000339045
0.230896,0.000291736
0.231262,0.000307505
0.231628,0.000268082
0.231995,0.000275966
0.232361,0.000244427
0.232727,0.000275966
0.233093,0.000346929
0.233459,0.000346929
0.233826,0.000268082
0.234192,0.000197119
0.234558,0.000307505
0.234924,0.000244427
0.235291,0.000362699
0.235657,0.000236543
0.236023,0.000275966
0.236389,0.000228658
0.236755,0.000228658
0.237122,0.000268082
0.237488,0.000260197
0.237854,0.000236543
0.23822,0.000307505
0.238586,0.00031539
0.238953,0.000244427
0.239319,0.00031539
0.239685,0.000260197
0.240051,0.000189234
0.240417,0.000362699
0.240784,0.000205004
0.24115,0.000307505
0.241516,0.000205004
0.241882,0.00031539
0.242249,0.000323275
0.242615,0.000323275
0.242981,0.000354814
0.243347,0.00031539
0.243713,0.000362699
0.24408,0.000244427
0.244446,0.000236543
0.244812,0.000268082
0.245178,0.000386353
0.245544,0.000236543
0.245911,0.000252312
0.246277,0.000260197
0.246643,0.000268082
0.247009,0.000212888
0.247375,0.000236543
0.247742,0.000228658
0.248108,0.000291736
0.248474,0.000291736
0.24884,0.000260197
0.249207,0.000268082
0.249573,0.000260197
0.249939,0.000291736
0.250305,0.000260197
0.250671,0.000275966
0.251038,0.000260197
0.251404,0.000236543
0.25177,0.000197119
0.252136,0.000275966
0.252502,0.00033116
0.252869,0.00031539
0.253235,0.000181349
0.253601,0.00033116
0.253967,0.000291736
0.254333,0.000197119
0.2547,0.000299621
0.255066,0.000299621
0.255432,0.000189234
0.255798,0.000283851
0.256165,0.000323275
0.256531,0.000244427
0.256897,0.000260197
0.257263,0.000323275
0.257629,0.000220773
0.257996,0.000205004
0.258362,0.000260197
0.258728,0.000212888
0.259094,0.000299621
0.25946,0.000299621
0.259827,0.000244427
0.260193,0.000299621
0.260559,0.000197119
0.260925,0.000275966
0.261292,0.000299621
0.261658,0.000275966
0.262024,0.000252312
0.26239,0.000283851
0.262756,0.000252312
0.263123,0.000275966
0.263489,0.000283851
0.263855,0.000181349
0.264221,0.000268082
0.264587,0.000283851
0.264954,0.000275966
0.26532,0.000291736
0.265686,0.000378468
0.266052,0.000252312
0.266418,0.000323275
0.266785,0.000252312
0.267151,0.000260197
0.267517,0.000220773
0.267883,0.000260197
0.26825,0.000283851
0.268616,0.000339045
0.268982,0.000339045
0.269348,0.000244427
0.269714,0.000236543
0.270081,0.000236543
0.270447,0.000323275
0.270813,0.000275966
0.271179,0.000283851
0.271545,0.000260197
0.271912,0.000268082
0.272278,0.000378468
0.272644,0.000283851
0.27301,0.000283851
0.273376,0.000307505
0.273743,0.000197119
0.274109,0.000260197
0.274475,0.000275966
0.274841,0.000252312
0.275208,0.000236543
0.275574,0.000291736
0.27594,0.000275966
0.276306,0.000299621
0.276672,0.00033116
0.277039,0.000323275
0.277405,0.000339045
0.277771,0.000283851
0.278137,0.000354814
0.278503,0.000228658
0.27887,0.000299621
0.279236,0.000283851
0.279602,0.000346929
0.279968,0.000307505
0.280334,0.000205004
0.280701,0.000346929
0.281067,0.000260197
0.281433,0.000346929
0.281799,0.000244427
0.282166,0.000252312
0.282532,0.000212888
0.282898,0.000252312
0.283264,0.000252312
0.28363,0.000283851
0.283997,0.000228658
0.284363,0.000268082
0.284729,0.000299621
0.285095,0.000244427
0.285461,0.000205004
0.285828,0.000252312
0.286194,0.000244427
0.28656,0.000260197
0.286926,0.000275966
0.287292,0.000205004
0.287659,0.000283851
0.288025,0.000323275
0.288391,0.000268082
0.288757,0.000275966
0.289124,0.000323275
0.28949,0.000283851
0.289856,0.000268082
0.290222,0.000181349
0.290588,0.000252312
0.290955,0.000141926
0.291321,0.00031539
0.291687,0.000291736
0.292053,0.000212888
0.292419,0.000307505
0.292786,0.000236543
0.293152,0.000346929
0.293518,0.000244427
0.293884,0.000299621
0.29425,0.000275966
0.294617,0.00033116
0.294983,0.000323275
0.295349,0.000212888
0.295715,0.000339045
0.296082,0.000268082
0.296448,0.000220773
0.296814,0.000275966
0.29718,0.000236543
0.297546,0.000220773
0.297913,0.000283851
0.298279,0.000291736
0.298645,0.000189234
0.299011,0.000291736
0.299377,0.000323275
0.299744,0.000339045
0.30011,0.000244427
0.300476,0.000299621
0.300842,0.000275966
0.301208,0.000307505
0.301575,0.000252312
0.301941,0.000307505
0.302307,0.000252312
0.302673,0.000275966
0.30304,0.000299621
0.303406,0.000260197
0.303772,0.000283851
0.304138,0.000307505
0.304504,0.000354814
0.304871,0.000268082
0.305237,0.00033116
0.305603,0.000307505
0.305969,0.000268082
0.306335,0.000378468
0.306702,0.000307505
0.307068,0.000275966
0.307434,0.000252312
0.3078,0.000339045
0.308167,0.000354814
0.308533,0.000386353
0.308899,0.000362699
0.309265,0.000212888
0.309631,0.00031539
0.309998,0.000394238
0.310364,0.000346929
0.31073,0.000275966
0.311096,0.000228658
0.311462,0.000370584
0.311829,0.000433662
0.312195,0.000283851
0.312561,0.000275966
0.312927,0.000346929
0.313293,0.00031539
0.31366,0.000291736
0.314026,0.000386353
0.314392,0.000260197
0.314758,0.000268082
0.315125,0.000346929
0.315491,0.000252312
0.315857,0.000323275
0.316223,0.000268082
0.316589,0.000354814
0.316956,0.000362699
0.317322,0.000244427
0.317688,0.000260197
0.318054,0.000283851
0.31842,0.000299621
0.318787,0.000323275
0.319153,0.000291736
0.319519,0.000323275
0.319885,0.000205004
0.320251,0.000291736
0.320618,0.000339045
0.320984,0.000291736
0.32135,0.00031539
0.321716,0.000323275
0.322083,0.000299621
0.322449,0.000244427
0.322815,0.000268082
0.323181,0.000283851
0.323547,0.00033116
0.323914,0.000244427
0.32428,0.000291736
0.324646,0.000236543
0.325012,0.000268082
0.325378,0.000283851
0.325745,0.000212888
0.326111,0.000275966
0.326477,0.00033116
0.326843,0.000252312
0.327209,0.000307505
0.327576,0.000362699
0.327942,0.000339045
0.328308,0.000299621
0.328674,0.000283851
0.329041,0.000260197
0.329407,0.000354814
0.329773,0.000354814
0.330139,0.000378468
0.330505,0.000346929
0.330872,0.000283851
0.331238,0.000299621
0.331604,0.000299621
0.33197,0.000323275
0.332336,0.000323275
0.332703,0.000291736
0.333069,0.000291736
0.333435,0.000275966
0.333801,0.000323275
0.334167,0.000307505
0.334534,0.000275966
0.3349,0.000354814
0.335266,0.00031539
0.335632,0.000339045
0.335999,0.000362699
0.336365,0.000268082
0.336731,0.000339045
0.337097,0.000236543
0.337463,0.000307505
0.33783,0.000323275
0.338196,0.000252312
0.338562,0.00033116
0.338928,0.000244427
0.339294,0.000323275
0.339661,0.000244427
0.340027,0.000307505
0.340393,0.000220773
0.340759,0.000260197
0.341125,0.000260197
0.341492,0.000346929
0.341858,0.00033116
0.342224,0.000189234
0.34259,0.000228658
0.342957,0.000346929
0.343323,0.000268082
0.343689,0.000212888
0.344055,0.000291736
0.344421,0.000268082
0.344788,0.00033116
0.345154,0.000236543
0.34552,0.000410007
0.345886,0.000212888
0.346252,0.000252312
0.346619,0.000275966
0.346985,0.000386353
0.347351,0.000244427
0.347717,0.000346929
0.348083,0.000323275
0.34845,0.000346929
0.348816,0.000260197
0.349182,0.000307505
0.349548,0.000386353
0.349915,0.000244427
0.350281,0.000339045
0.350647,0.000378468
0.351013,0.000291736
0.351379,0.00033116
0.351746,0.000362699
0.352112,0.000228658
0.352478,0.000244427
0.352844,0.000236543
0.35321,0.000339045
0.353577,0.000291736
0.353943,0.000339045
0.354309,0.000323275
0.354675,0.000323275
0.355042,0.000362699
0.355408,0.000307505
0.355774,0.000236543
0.35614,0.000283851
0.356506,0.000339045
0.356873,0.00033116
0.357239,0.000268082
0.357605,0.000378468
0.357971,0.000283851
0.358337,0.000354814
0.358704,0.000252312
0.35907,0.000268082
0.359436,0.000212888
0.359802,0.000252312
0.360168,0.000354814
0.360535,0.00031539
0.360901,0.000205004
0.361267,0.00033116
0.361633,0.00033116
0.362,0.000307505
0.362366,0.000323275
0.362732,0.000275966
0.363098,0.000354814
0.363464,0.000283851
0.363831,0.000307505
0.364197,0.000275966
0.364563,0.000323275
0.364929,0.000362699
0.365295,0.000291736
0.365662,0.00031539
0.366028,0.000323275
0.366394,0.000362699
0.36676,0.000252312
0.367126,0.00033116
0.367493,0.000307505
0.367859,0.000220773
0.368225,0.000299621
0.368591,0.000378468
0.368958,0.000260197
0.369324,0.000410007
0.36969,0.000410007
0.370056,0.000244427
0.370422,0.000268082
0.370789,0.00031539
0.371155,0.000394238
0.371521,0.000275966
0.371887,0.000346929
0.372253,0.000275966
0.37262,0.000268082
0.372986,0.000260197
0.373352,0.000291736
0.373718,0.000275966
0.374084,0.000260197
0.374451,0.000370584
0.374817,0.00033116
0.375183,0.000228658
0.375549,0.000307505
0.375916,0.000417892
0.376282,0.00031539
0.376648,0.000283851
0.377014,0.000260197
0.37738,0.00033116
0.377747,0.000268082
0.378113,0.000386353
0.378479,0.000244427
0.378845,0.000323275
0.379211,0.00033116
0.379578,0.000323275
0.379944,0.00031539
0.38031,0.000260197
0.380676,0.000323275
0.381042,0.000339045
0.381409,0.000283851
0.381775,0.000268082
0.382141,0.000323275
0.382507,0.000228658
0.382874,0.000402123
0.38324,0.000339045
0.383606,0.000339045
0.383972,0.00031539
0.384338,0.00031539
0.384705,0.000362699
0.385071,0.000275966
0.385437,0.000346929
0.385803,0.000394238
0.386169,0.000441546
0.386536,0.000307505
0.386902,0.000244427
0.387268,0.000291736
0.387634,0.000307505
0.388,0.00031539
0.388367,0.000339045
0.388733,0.00033116
0.389099,0.000473085
0.389465,0.000339045
0.389832,0.000275966
0.390198,0.000362699
0.390564,0.000252312
0.39093,0.000268082
0.391296,0.000378468
0.391663,0.000346929
0.392029,0.000339045
0.392395,0.000236543
0.392761,0.000346929
0.393127,0.000386353
0.393494,0.000236543
0.39386,0.00031539
0.394226,0.000354814
0.394592,0.000370584
0.394958,0.000260197
0.395325,0.000378468
0.395691,0.000283851
0.396057,0.000283851
0.396423,0.000283851
0.39679,0.000339045
0.397156,0.000339045
0.397522,0.000362699
0.397888,0.000346929
0.398254,0.00031539
0.398621,0.000354814
0.398987,0.000283851
0.399353,0.000275966
0.399719,0.000299621
0.400085,0.000386353
0.400452,0.000362699
0.400818,0.00031539
0.401184,0.000354814
0.40155,0.000228658
0.401917,0.000275966
0.402283,0.000275966
0.402649,0.000386353
0.403015,0.000236543
0.403381,0.000220773
0.403748,0.000386353
0.404114,0.000220773
0.40448,0.00033116
0.404846,0.000339045
0.405212,0.000291736
0.405579,0.000370584
0.405945,0.000228658
0.406311,0.000268082
0.406677,0.000307505
0.407043,0.000283851
0.40741,0.000275966
0.407776,0.000378468
0.408142,0.000323275
0.408508,0.00031539
0.408875,0.000268082
0.409241,0.000323275
0.409607,0.00033116
0.409973,0.000291736
0.410339,0.000362699
0.410706,0.000307505
0.411072,0.000291736
0.411438,0.000394238
0.411804,0.000323275
0.41217,0.000410007
0.412537,0.000323275
0.412903,0.000268082
0.413269,0.000299621
0.413635,0.000346929
0.414001,0.000268082
0.414368,0.000370584
0.414734,0.000260197
0.4151,0.000354814
0.415466,0.000417892
0.415833,0.000283851
0.416199,0.000339045
0.416565,0.000425777
0.416931,0.000299621
0.417297,0.000275966
0.417664,0.000378468
0.41803,0.000346929
0.418396,0.000307505
0.418762,0.000346929
0.419128,0.000425777
0.419495,0.00031539
0.419861,0.000346929
0.420227,0.000268082
0.420593,0.000425777
0.420959,0.000268082
0.421326,0.000378468
0.421692,0.000291736
0.422058,0.00033116
0.422424,0.000346929
0.422791,0.000410007
0.423157,0.000299621
0.423523,0.000425777
0.423889,0.000228658
0.424255,0.00033116
0.424622,0.000275966
0.424988,0.000283851
0.425354,0.000433662
0.42572,0.000441546
0.426086,0.000339045
0.426453,0.000370584
0.426819,0.000346929
0.427185,0.000433662
0.427551,0.000346929
0.427917,0.000362699
0.428284,0.000362699
0.42865,0.000402123
0.429016,0.00033116
0.429382,0.000275966
0.429749,0.000354814
0.430115,0.000268082
0.430481,0.000283851
0.430847,0.000275966
0.431213,0.000504624
0.43158,0.000441546
0.431946,0.00031539
0.432312,0.000260197
0.432678,0.000283851
0.433044,0.000362699
0.433411,0.000449431
0.433777,0.000370584
0.434143,0.000354814
0.434509,0.000370584
0.434875,0.00031539
0.435242,0.000425777
0.435608,0.000394238
0.435974,0.000394238
0.43634,0.000433662
0.436707,0.000268082
0.437073,0.00031539
0.437439,0.000346929
0.437805,0.000394238
0.438171,0.000307505
0.438538,0.000354814
0.438904,0.000378468
0.43927,0.000394238
0.439636,0.000299621
0.440002,0.000228658
0.440369,0.000346929
0.440735,0.000425777
0.441101,0.000346929
0.441467,0.000386353
0.441833,0.000410007
0.4422,0.000362699
0.442566,0.000378468
0.442932,0.000457316
0.443298,0.000346929
0.443665,0.000339045
0.444031,0.000370584
0.444397,0.000370584
0.444763,0.000410007
0.445129,0.000323275
0.445496,0.000441546
0.445862,0.00033116
0.446228,0.000402123
0.446594,0.000275966
0.44696,0.00033116
0.447327,0.000441546
0.447693,0.00033116
0.448059,0.000386353
0.448425,0.000425777
0.448792,0.000457316
0.449158,0.000354814
0.449524,0.000410007
0.44989,0.000252312
0.450256,0.000417892
0.450623,0.000323275
0.450989,0.000394238
0.451355,0.000449431
0.451721,0.000378468
0.452087,0.000386353
0.452454,0.000339045
0.45282,0.000346929
0.453186,0.000410007
0.453552,0.000394238
0.453918,0.000339045
0.454285,0.000291736
0.454651,0.000370584
0.455017,0.000394238
0.455383,0.000323275
0.45575,0.000433662
0.456116,0.000354814
0.456482,0.000441546
0.456848,0.000283851
0.457214,0.000244427
0.457581,0.000394238
0.457947,0.000299621
0.458313,0.000323275
0.458679,0.000457316
0.459045,0.000339045
0.459412,0.000323275
0.459778,0.000354814
0.460144,0.000346929
0.46051,0.000386353
0.460876,0.000323275
0.461243,0.000386353
0.461609,0.000473085
0.461975,0.000299621
0.462341,0.000291736
0.462708,0.000362699
0.463074,0.000291736
0.46344,0.000386353
0.463806,0.000378468
0.464172,0.000378468
0.464539,0.000370584
0.464905,0.000354814
0.465271,0.00031539
0.465637,0.000339045
0.466003,0.00031539
0.46637,0.000402123
0.466736,0.000362699
0.467102,0.00031539
0.467468,0.000378468
0.467834,0.00033116
0.468201,0.000362699
0.468567,0.000307505
0.468933,0.000394238
0.469299,0.000283851
0.469666,0.000307505
0.470032,0.000346929
0.470398,0.000425777
0.470764,0.000283851
0.47113,0.000283851
0.471497,0.000307505
0.471863,0.000354814
0.472229,0.000291736
0.472595,0.000378468
0.472961,0.000307505
0.473328,0.000260197
0.473694,0.000378468
0.47406,0.000354814
0.474426,0.000323275
0.474792,0.000291736
0.475159,0.000244427
0.475525,0.000275966
0.475891,0.000268082
0.476257,0.000260197
0.476624,0.000291736
0.47699,0.000370584
0.477356,0.000283851
0.477722,0.000252312
0.478088,0.000354814
0.478455,0.000323275
0.478821,0.00033116
0.479187,0.000220773
0.479553,0.00033116
0.479919,0.000354814
0.480286,0.000283851
0.480652,0.000386353
0.481018,0.000299621
0.481384,0.000252312
0.48175,0.000228658
0.482117,0.000386353
0.482483,0.000252312
0.482849,0.000283851
0.483215,0.000252312
0.483582,0.000346929
0.483948,0.000323275
0.484314,0.000323275
0.48468,0.000236543
0.485046,0.000307505
0.485413,0.000244427
0.485779,0.000268082
0.486145,0.000197119
0.486511,0.000260197
0.486877,0.000291736
0.487244,0.000220773
0.48761,0.000299621
0.487976,0.000268082
0.488342,0.000291736
0.488708,0.000339045
0.489075,0.000291736
0.489441,0.000236543
0.489807,0.000307505
0.490173,0.000283851
0.49054,0.000283851
0.490906,0.000283851
0.491272,0.000205004
0.491638,0.000307505
0.492004,0.000268082
0.492371,0.000244427
0.492737,0.000228658
0.493103,0.000299621
0.493469,0.000157695
0.493835,0.000268082
0.494202,0.000189234
0.494568,0.000252312
0.494934,0.000220773
0.4953,0.000205004
0.495667,0.000283851
0.496033,0.000252312
0.496399,0.000244427
0.496765,0.000205004
0.497131,0.000212888
0.497498,0.000197119
0.497864,0.000220773
0.49823,0.000236543
0.498596,0.00014981
0.498962,0.000220773
0.499329,0.000236543
0.499695,0.000228658
0.500061,0.000205004
0.500427,0.000244427
0.500793,0.000134041
0.50116,0.000236543
0.501526,0.00014981
0.501892,0.000236543
0.502258,0.000189234
0.502625,0.00016558
0.502991,0.000236543
0.503357,0.000212888
0.503723,0.000244427
0.504089,0.000181349
0.504456,0.000236543
0.504822,0.000189234
0.505188,0.000228658
0.505554,0.000275966
0.50592,0.000197119
0.506287,0.000205004
0.506653,0.000181349
0.507019,0.000228658
0.507385,0.000181349
0.507751,0.000244427
0.508118,0.000173465
0.508484,0.000220773
0.50885,0.000141926
0.509216,0.000157695
0.509583,0.000141926
0.509949,0.000157695
0.510315,0.000220773
0.510681,0.000268082
0.511047,0.000236543
0.511414,0.000236543
0.51178,0.000268082
0.512146,0.000197119
0.512512,0.000299621
0.512878,0.000283851
0.513245,0.000181349
0.513611,0.000205004
0.513977,0.000236543
0.514343,0.000197119
0.514709,0.00014981
0.515076,0.000181349
0.515442,0.000189234
0.515808,0.000228658
0.516174,0.000244427
0.516541,0.000307505
0.516907,0.000197119
0.517273,0.000252312
0.517639,0.000173465
0.518005,0.000236543
0.518372,0.000205004
0.518738,0.000244427
0.519104,0.000236543
0.51947,0.000220773
0.519836,0.000189234
0.520203,0.000173465
0.520569,0.000181349
0.520935,0.000118271
0.521301,0.000236543
0.521667,0.000197119
0.522034,0.000244427
0.5224,0.000173465
0.522766,0.000173465
0.523132,0.000181349
0.523499,0.000220773
0.523865,0.00033116
0.524231,0.000197119
0.524597,0.000220773
0.524963,0.000291736
0.52533,0.000197119
0.525696,0.000157695
0.526062,0.000236543
0.526428,0.000118271
0.526794,0.000244427
0.527161,0.000252312
0.527527,0.00016558
0.527893,0.000205004
0.528259,0.000205004
0.528625,0.000157695
0.528992,0.000291736
0.529358,0.000197119
0.529724,0.000157695
0.53009,0.000220773
0.530457,0.000197119
0.530823,0.000197119
0.531189,0.000181349
0.531555,0.000260197
0.531921,0.000228658
0.532288,0.000228658
0.532654,0.000220773
0.53302,0.000228658
0.533386,0.000283851
0.533752,0.000205004
0.534119,0.000236543
0.534485,0.000173465
0.534851,0.000181349
0.535217,0.000228658
0.535583,0.00016558
0.53595,0.000141926
0.536316,0.000197119
0.536682,0.000205004
0.537048,0.000134041
0.537415,0.00014981
0.537781,0.000173465
0.538147,0.000181349
0.538513,0.000141926
0.538879,0.000181349
0.539246,0.000157695
0.539612,0.000197119
0.539978,0.000197119
0.540344,0.000173465
0.54071,0.000212888
0.541077,0.00016558
0.541443,0.000220773
0.541809,0.00014981
0.542175,0.000228658
0.542542,0.000252312
0.542908,0.000212888
0.543274,0.000236543
0.54364,0.000220773
0.544006,0.000236543
0.544373,0.000268082
0.544739,0.000236543
0.545105,0.000134041
0.545471,0.000212888
0.545837,0.000212888
0.546204,0.000236543
0.54657,0.000181349
0.546936,0.000252312
0.547302,0.000197119
0.547668,0.00016558
0.548035,0.000173465
0.548401,0.00014981
0.548767,0.000189234
0.549133,0.000228658
0.5495,0.000197119
0.549866,0.000118271
0.550232,0.000173465
0.550598,0.000228658
0.550964,0.000228658
0.551331,0.000228658
0.551697,0.000197119
0.552063,0.000173465
0.552429,0.00014981
0.552795,0.000228658
0.553162,0.000220773
0.553528,0.000354814
0.553894,0.000212888
0.55426,0.000205004
0.554626,0.00016558
0.554993,0.000205004
0.555359,0.000141926
0.555725,0.000244427
0.556091,0.000244427
0.556458,0.000212888
0.556824,0.00016558
0.55719,0.000244427
0.557556,0.000252312
0.557922,0.000228658
0.558289,0.000189234
0.558655,0.000197119
0.559021,0.000205004
0.559387,0.000220773
0.559753,0.000268082
0.56012,0.00014981
0.560486,0.000173465
0.560852,0.000205004
0.561218,0.000244427
0.561584,0.000244427
0.561951,0.000197119
0.562317,0.000173465
0.562683,0.000205004
0.563049,0.000236543
0.563416,0.000220773
0.563782,0.000212888
0.564148,0.000283851
0.564514,0.000189234
0.56488,0.000244427
0.565247,0.000205004
0.565613,0.000228658
0.565979,0.000157695
0.566345,0.000220773
0.566711,0.000212888
0.567078,0.000307505
0.567444,0.000205004
0.56781,0.000205004
0.568176,0.000197119
0.568542,0.000157695
0.568909,0.000197119
0.569275,0.000212888
0.569641,0.000141926
0.570007,0.000212888
0.570374,0.000220773
0.57074,0.000220773
0.571106,0.000228658
0.571472,0.000189234
0.571838,0.000181349
0.572205,0.000268082
0.572571,0.00014981
0.572937,0.000220773
0.573303,0.000181349
0.573669,0.000197119
0.574036,0.000141926
0.574402,0.000299621
0.574768,0.000181349
0.575134,0.000181349
0.5755,0.000212888
0.575867,0.000252312
0.576233,0.000134041
0.576599,0.000134041
0.576965,0.000205004
0.577332,0.00014981
0.577698,0.000205004
0.578064,0.000244427
0.57843,0.00014981
0.578796,0.000212888
0.579163,0.000173465
0.579529,0.000244427
0.579895,0.000205004
0.580261,0.000197119
0.580627,0.00016558
0.580994,0.000197119
0.58136,0.000102502
0.581726,0.000157695
0.582092,0.000134041
0.582458,0.000220773
0.582825,0.000189234
0.583191,0.000205004
0.583557,0.000220773
0.583923,0.000205004
0.58429,0.000212888
0.584656,0.00016558
0.585022,0.000220773
0.585388,0.000252312
0.585754,0.000118271
0.586121,0.000228658
0.586487,0.000220773
0.586853,0.000181349
0.587219,0.000197119
0.587585,0.000197119
0.587952,0.000228658
0.588318,0.000134041
0.588684,0.000244427
0.58905,0.000181349
0.589417,0.000189234
0.589783,0.000141926
0.590149,0.000212888
0.590515,0.000197119
0.590881,0.000212888
0.591248,0.000181349
0.591614,0.000173465
0.59198,0.00016558
0.592346,0.000228658
0.592712,0.000228658
0.593079,0.00014981
0.593445,0.000236543
0.593811,0.00016558
0.594177,0.000212888
0.594543,0.000228658
0.59491,0.000252312
0.595276,0.000212888
0.595642,0.000244427
0.596008,0.000244427
0.596375,0.000212888
0.596741,0.000134041
0.597107,0.000228658
0.597473,0.000212888
0.597839,0.000268082
0.598206,0.000197119
0.598572,0.000197119
0.598938,0.000197119
0.599304,0.000189234
0.59967,0.000236543
0.600037,0.00014981
0.600403,0.000252312
0.600769,0.000141926
0.601135,0.000212888
0.601501,0.000189234
0.601868,0.000212888
0.602234,0.000252312
0.6026,0.000189234
0.602966,0.000220773
0.603333,0.000236543
0.603699,0.000220773
0.604065,0.00016558
0.604431,0.000173465
0.604797,0.000244427
0.605164,0.000236543
0.60553,0.000157695
0.605896,0.000134041
0.606262,0.000212888
0.606628,0.000283851
0.606995,0.000244427
0.607361,0.000244427
0.607727,0.000236543
0.608093,0.000291736
0.608459,0.000346929
0.608826,0.000275966
0.609192,0.000236543
0.609558,0.000236543
0.609924,0.000212888
0.610291,0.000299621
0.610657,0.000197119
0.611023,0.000346929
0.611389,0.000252312
0.611755,0.000299621
0.612122,0.000291736
0.612488,0.00033116
0.612854,0.00033116
0.61322,0.000339045
0.613586,0.000425777
0.613953,0.000291736
0.614319,0.000299621
0.614685,0.000402123
0.615051,0.000299621
0.615417,0.000275966
0.615784,0.000425777
0.61615,0.000394238
0.616516,0.000299621
0.616882,0.000441546
0.617249,0.000433662
0.617615,0.000425777
0.617981,0.000433662
0.618347,0.000449431
0.618713,0.00033116
0.61908,0.000441546
0.619446,0.000504624
0.619812,0.000551933
0.620178,0.000473085
0.620544,0.000551933
0.620911,0.000630781
0.621277,0.000630781
0.621643,0.00049674
0.622009,0.00066232
0.622375,0.000685974
0.622742,0.000520394
0.623108,0.000693859
0.623474,0.000709628
0.62384,0.000725398
0.624207,0.00064655
0.624573,0.000749052
0.624939,0.000788476
0.625305,0.000725398
0.625671,0.000835784
0.626038,0.000780591
0.626404,0.000630781
0.62677,0.000883093
0.627136,0.00107233
0.627502,0.000969825
0.627869,0.000890977
0.628235,0.00111964
0.628601,0.000938286
0.628967,0.0010881
0.629333,0.00104079
0.6297,0.00102502
0.630066,0.00126945
0.630432,0.00117483
0.630798,0.00125368
0.631165,0.00131675
0.631531,0.00137983
0.631897,0.00148233
0.632263,0.00130098
0.632629,0.00146656
0.632996,0.00154541
0.633362,0.00149022
0.633728,0.00143503
0.634094,0.00163214
0.63446,0.00144291
0.634827,0.00180561
0.635193,0.00163214
0.635559,0.0016558
0.635925,0.00168734
0.636292,0.00189234
0.636658,0.00182138
0.637024,0.00179772
0.63739,0.00186869
0.637756,0.002121
0.638123,0.0020185
0.638489,0.0020185
0.638855,0.00223139
0.639221,0.00217619
0.639587,0.00224716
0.639954,0.00227081
0.64032,0.00233389
0.640686,0.00210523
0.641052,0.00246004
0.641418,0.00237331
0.641785,0.00253101
0.642151,0.00267293
0.642517,0.00246004
0.642883,0.0025862
0.64325,0.00304352
0.643616,0.0028464
0.643982,0.00289371
0.644348,0.00290159
0.644714,0.0031539
0.645081,0.00307505
0.645447,0.00298044
0.645813,0.00320121
0.646179,0.00306717
0.646545,0.00296467
0.646912,0.00338256
0.647278,0.00354814
0.647644,0.00342198
0.64801,0.00350083
0.648376,0.00354814
0.648743,0.00346929
0.649109,0.00368218
0.649475,0.00354026
0.649841,0.00356391
0.650208,0.00364276
0.650574,0.00376103
0.65094,0.00380045
0.651306,0.00365064
0.651672,0.00392661
0.652039,0.00376891
0.652405,0.00376891
0.652771,0.00386353
0.653137,0.00422623
0.653503,0.00376103
0.65387,0.00429719
0.654236,0.00418681
0.654602,0.00417104
0.654968,0.00469931
0.655334,0.00431296
0.655701,0.00428142
0.656067,0.00430508
0.656433,0.00424988
0.656799,0.00445489
0.657166,0.004037
0.657532,0.00424988
0.657898,0.00449431
0.658264,0.0047072
0.65863,0.00428142
0.658997,0.00441546
0.659363,0.0045022
0.659729,0.00410007
0.660095,0.00494374
0.660461,0.00445489
0.660828,0.00432085
0.661194,0.00432873
0.66156,0.00425777
0.661926,0.00449431
0.662292,0.00431296
0.662659,0.00442335
0.663025,0.00458893
0.663391,0.00438392
0.663757,0.00457316
0.664124,0.00427354
0.66449,0.00432873
0.664856,0.00440758
0.665222,0.00447066
0.665588,0.00428931
0.665955,0.00410796
0.666321,0.00420258
0.666687,0.00425777
0.667053,0.00412373
0.667419,0.00407642
0.667786,0.00391872
0.668152,0.00421046
0.668518,0.00376103
0.668884,0.00402123
0.66925,0.00381622
0.669617,0.00405276
0.669983,0.00368218
0.670349,0.00378468
0.670715,0.00370584
0.671082,0.00394238
0.671448,0.00370584
0.671814,0.00366641
0.67218,0.00357968
0.672546,0.00384776
0.672913,0.00361122
0.673279,0.00366641
0.673645,0.00328794
0.674011,0.00326429
0.674377,0.00328006
0.674744,0.0034141
0.67511,0.00328006
0.675476,0.00310659
0.675842,0.00334314
0.676208,0.00313025
0.676575,0.00305929
0.676941,0.00306717
0.677307,0.00318544
0.677673,0.00301986
0.67804,0.00303563
0.678406,0.00292524
0.678772,0.00296467
0.679138,0.00257832
0.679504,0.00267293
0.679871,0.00255466
0.680237,0.00269659
0.680603,0.0028464
0.680969,0.00241274
0.681335,0.0027439
0.681702,0.00231023
0.682068,0.00223139
0.682434,0.00243639
0.6828,0.00219196
0.683167,0.00224716
0.683533,0.00197119
0.683899,0.002326
0.684265,0.00237331
0.684631,0.00209735
0.684998,0.00188446
0.685364,0.00182926
0.68573,0.00188446
0.686096,0.00186869
0.686462,0.00170311
0.686829,0.00183715
0.687195,0.00148233
0.687561,0.0017583
0.687927,0.00158484
0.688293,0.00147445
0.68866,0.00136406
0.689026,0.00138772
0.689392,0.00144291
0.689758,0.00128522
0.690125,0.0012931
0.690491,0.0011906
0.690857,0.00125368
0.691223,0.00115117
0.691589,0.00106444
0.691956,0.00096194
0.692322,0.000993479
0.692688,0.00116694
0.693054,0.000898862
0.69342,0.000946171
0.693787,0.000946171
0.694153,0.000938286
0.694519,0.000772706
0.694885,0.000780591
0.695251,0.00079636
0.695618,0.000709628
0.695984,0.000788476
0.69635,0.000654435
0.696716,0.000670204
0.697083,0.000512509
0.697449,0.000559818
0.697815,0.000615011
0.698181,0.000670204
0.698547,0.000630781
0.698914,0.000638665
0.69928,0.000425777
0.699646,0.000528279
0.700012,0.00049674
0.700378,0.000433662
0.700745,0.000504624
0.701111,0.000457316
0.701477,0.000425777
0.701843,0.000354814
0.702209,0.000354814
0.702576,0.000386353
0.702942,0.000417892
0.703308,0.000299621
0.703674,0.000323275
0.704041,0.000346929
0.704407,0.000370584
0.704773,0.000268082
0.705139,0.000275966
0.705505,0.000299621
0.705872,0.000236543
0.706238,0.000236543
0.706604,0.000197119
0.70697,0.000228658
0.707336,0.000228658
0.707703,0.000205004
0.708069,0.000236543
0.708435,0.000220773
0.708801,0.000181349
0.709167,0.000141926
0.709534,0.000118271
0.7099,0.000134041
0.710266,0.000118271
0.710632,0.000134041
0.710999,7.88476e-05
0.711365,0.000141926
0.711731,0.000102502
0.712097,0.000126156
0.712463,5.51933e-05
0.71283,6.30781e-05
0.713196,8.67323e-05
0.713562,6.30781e-05
0.713928,6.30781e-05
0.714294,9.46171e-05
0.714661,7.09628e-05
0.715027,7.09628e-05
0.715393,7.88476e-05
0.715759,8.67323e-05
0.716125,3.94238e-05
0.716492,3.1539e-05
0.716858,5.51933e-05
0.717224,7.09628e-05
0.71759,4.73085e-05
0.717957,3.1539e-05
0.718323,4.73085e-05
0.718689,3.94238e-05
0.719055,2.36543e-05
0.719421,3.1539e-05
0.719788,1.57695e-05
0.720154,7.88476e-06
0.72052,7.88476e-06
0.720886,3.1539e-05
0.721252,7.09628e-05
0.721619,7.88476e-06
0.721985,1.57695e-05
0.722351,3.1539e-05
0.722717,7.88476e-06
0.723083,7.88476e-06
0.72345,3.1539e-05
0.723816,1.57695e-05
0.724182,7.88476e-06
0.724548,3.94238e-05
0.724915,7.88476e-06
0.725281,1.57695e-05
0.725647,0
0.726013,7.88476e-06
0.726379,2.36543e-05
0.726746,0
0.727112,7.88476e-06
0.727478,7.88476e-06
0.727844,1.57695e-05
0.72821,0
0.728577,0
0.728943,1.57695e-05
0.729309,0
0.729675,0
0.730042,0
0.730408,0
0.730774,7.88476e-06
0.73114,1.57695e-05
0.731506,7.88476e-06
0.731873,0
0.732239,7.88476e-06
0.732605,0
0.732971,0
0.733337,7.88476e-06
0.733704,7.88476e-06
0.73407,0
0.734436,7.88476e-06
0.734802,0
0.735168,1.57695e-05
0.735535,0
0.735901,0
0.736267,0
0.736633,0
0.737,0
0.737366,0
0.737732,0
0.738098,0
0.738464,0
0.738831,0
0.739197,0
0.739563,0
0.739929,0
0.740295,0
0.740662,0
0.741028,0
0.741394,7.88476e-06
0.74176,0
0.742126,0
0.742493,0
0.742859,7.88476e-06
0.743225,0
0.743591,0
0.743958,0
0.744324,0
0.74469,0
0.745056,0
0.745422,0
0.745789,0
0.746155,0
0.746521,7.88476e-06
0.746887,0
0.747253,0
0.74762,0
0.747986,0
0.748352,0
0.748718,0
0.749084,0
0.749451,0
0.749817,0
0.750183,0
0.750549,0
0.750916,0
0.751282,0
0.751648,0
0.752014,0
0.75238,0
0.752747,0
0.753113,0
0.753479,0
0.753845,0
0.754211,0
0.754578,0
0.754944,0
0.75531,0
0.755676,0
0.756042,0
0.756409,0
0.756775,0
0.757141,0
0.757507,0
0.757874,0
0.75824,0
0.758606,0
0.758972,0
0.759338,0
0.759705,0
0.760071,0
0.760437,0
0.760803,0
0.761169,0
0.761536,0
0.761902,0
0.762268,0
0.762634,0
0.763,0
0.763367,0
0.763733,0
0.764099,0
0.764465,0
0.764832,0
0.765198,0
0.765564,0
0.76593,0
0.766296,0
0.766663,0
0.767029,0
0.767395,0
0.767761,0
0.768127,0
0.768494,0
0.76886,0
0.769226,0
0.769592,0
0.769958,0
0.770325,0
0.770691,0
0.771057,0
0.771423,0
0.77179,0
0.772156,0
0.772522,0
0.772888,0
0.773254,0
0.773621,0
0.773987,0
0.774353,0
0.774719,0
0.775085,0
0.775452,0
0.775818,0
0.776184,0
0.77655,0
0.776917,0
0.777283,0
0.777649,0
0.778015,0
0.778381,0
0.778748,0
0.779114,0
0.77948,0
0.779846,0
0.780212,0
0.780579,0
0.780945,0
0.781311,0
0.781677,0
0.782043,0
0.78241,0
0.782776,0
0.783142,0
0.783508,0
0.783875,0
0.784241,0
0.784607,0
0.784973,0
0.785339,0
0.785706,0
0.786072,0
0.786438,0
0.786804,0
0.78717,0
0.787537,0
0.787903,0
0.788269,0
0.788635,0
0.789001,0
0.789368,0
0.789734,0
0.7901,0
0.790466,0
0.790833,0
0.791199,0
0.791565,0
0.791931,0
0.792297,0
0.792664,0
0.79303,0
0.793396,0
0.793762,0
0.794128,0
0.794495,0
0.794861,0
0.795227,0
0.795593,0
0.795959,0
0.796326,0
0.796692,0
0.797058,0
0.797424,0
0.797791,0
0.798157,0
0.798523,0
0.798889,0
0.799255,0
0.799622,0
0.799988,0
0.800354,0
0.80072,0
0.801086,0
0.801453,0
0.801819,0
0.802185,0
0.802551,0
0.802917,0
0.803284,0
0.80365,0
0.804016,0
0.804382,0
0.804749,0
0.805115,0
0.805481,0
0.805847,0
0.806213,0
0.80658,0
0.806946,0
0.807312,0
0.807678,0
0.808044,0
0.808411,0
0.808777,0
0.809143,0
0.809509,0
0.809875,0
0.810242,0
0.810608,0
0.810974,0
0.81134,0
0.811707,0
0.812073,0
0.812439,0
0.812805,0
0.813171,0
0.813538,0
0.813904,0
0.81427,0
0.814636,0
0.815002,0
0.815369,0
0.815735,0
0.816101,0
0.816467,0
0.816833,0
0.8172,0
0.817566,0
0.817932,0
0.818298,0
0.818665,0
0.819031,0
0.819397,0
0.819763,0
0.820129,0
0.820496,0
0.820862,0
0.821228,0
0.821594,0
0.82196,0
0.822327,0
0.822693,0
0.823059,0
0.823425,0
0.823792,0
0.824158,0
0.824524,0
0.82489,0
0.825256,0
0.825623,0
0.825989,0
0.826355,0
0.826721,0
0.827087,0
0.827454,0
0.82782,0
0.828186,0
0.828552,0
0.828918,0
0.829285,0
0.829651,0
0.830017,0
0.830383,0
0.83075,0
0.831116,0
0.831482,0
0.831848,0
0.832214,0
0.832581,0
0.832947,0
0.833313,0
0.833679,0
0.834045,0
0.834412,0
0.834778,0
0.835144,0
0.83551,0
0.835876,0
0.836243,0
0.836609,0
0.836975,0
0.837341,0
0.837708,0
0.838074,0
0.83844,0
0.838806,0
0.839172,0
0.839539,0
0.839905,0
0.840271,0
0.840637,0
0.841003,0
0.84137,0
0.841736,0
0.842102,0
0.842468,0
0.842834,0
0.843201,0
0.843567,0
0.843933,0
0.844299,0
0.844666,0
0.845032,0
0.845398,0
0.845764,0
0.84613,0
0.846497,0
0.846863,0
0.847229,0
0.847595,0
0.847961,0
0.848328,0
0.848694,0
0.84906,0
0.849426,0
0.849792,0
0.850159,0
0.850525,0
0.850891,0
0.851257,0
0.851624,0
0.85199,0
0.852356,0
0.852722,0
0.853088,0
0.853455,0
0.853821,0
0.854187,0
0.854553,0
0.854919,0
0.855286,0
0.855652,0
0.856018,0
0.856384,0
0.85675,0
0.857117,0
0.857483,0
0.857849,0
0.858215,0
0.858582,0
0.858948,0
0.859314,0
0.85968,0
0.860046,0
0.860413,0
0.860779,0
0.861145,0
0.861511,0
0.861877,0
0.862244,0
0.86261,0
0.862976,0
0.863342,0
0.863708,0
0.864075,0
0.864441,0
0.864807,0
0.865173,0
0.86554,0
0.865906,0
0.866272,0
0.866638,0
0.867004,0
0.867371,0
0.867737,0
0.868103,0
0.868469,0
0.868835,0
0.869202,0
0.869568,0
0.869934,0
0.8703,0
0.870667,0
0.871033,0
0.871399,0
0.871765,0
0.872131,0
0.872498,0
0.872864,0
0.87323,0
0.873596,0
0.873962,0
0.874329,0
0.874695,0
0.875061,0
0.875427,0
0.875793,0
0.87616,0
0.876526,0
0.876892,0
0.877258,0
0.877625,0
0.877991,0
0.878357,0
0.878723,0
0.879089,0
0.879456,0
0.879822,0
0.880188,0
0.880554,0
0.88092,0
0.881287,0
0.881653,0
0.882019,0
0.882385,0
0.882751,0
0.883118,0
0.883484,0
0.88385,0
0.884216,0
0.884583,0
0.884949,0
0.885315,0
0.885681,0
0.886047,0
0.886414,0
0.88678,0
0.887146,0
0.887512,0
0.887878,0
0.888245,0
0.888611,0
0.888977,0
0.889343,0
0.889709,0
0.890076,0
0.890442,0
0.890808,0
0.891174,0
0.891541,0
0.891907,0
0.892273,0
0.892639,0
0.893005,0
0.893372,0
0.893738,0
0.894104,0
0.89447,0
0.894836,0
0.895203,0
0.895569,0
0.895935,0
0.896301,0
0.896667,0
0.897034,0
0.8974,0
0.897766,0
0.898132,0
0.898499,0
0.898865,0
0.899231,0
0.899597,0
0.899963,0
0.90033,0
0.900696,0
0.901062,0
0.901428,0
0.901794,0
0.902161,0
0.902527,0
0.902893,0
0.903259,0
0.903625,0
0.903992,0
0.904358,0
0.904724,0
0.90509,0
0.905457,0
0.905823,0
0.906189,0
0.906555,0
0.906921,0
0.907288,0
0.907654,0
0.90802,0
0.908386,0
0.908752,0
0.909119,0
0.909485,0
0.909851,0
0.910217,0
0.910583,0
0.91095,0
0.911316,0
0.911682,0
0.912048,0
0.912415,0
0.912781,0
0.913147,0
0.913513,0
0.913879,0
0.914246,0
0.914612,0
0.914978,0
0.915344,0
0.91571,0
0.916077,0
0.916443,0
0.916809,0
0.917175,0
0.917542,0
0.917908,0
0.918274,0
0.91864,0
0.919006,0
0.919373,0
0.919739,0
0.920105,0
0.920471,0
0.920837,0
0.921204,0
0.92157,0
0.921936,0
0.922302,0
0.922668,0
0.923035,0
0.923401,0
0.923767,0
0.924133,0
0.9245,0
0.924866,0
0.925232,0
0.925598,0
0.925964,0
0.926331,0
0.926697,0
0.927063,0
0.927429,0
0.927795,0
0.928162,0
0.928528,0
0.928894,0
0.92926,0
0.929626,0
0.929993,0
0.930359,0
0.930725,0
0.931091,0
0.931458,0
0.931824,0
0.93219,0
0.932556,0
0.932922,0
0.933289,0
0.933655,0
0.934021,0
0.934387,0
0.934753,0
0.93512,0
0.935486,0
0.935852,0
0.936218,0
0.936584,0
0.936951,0
0.937317,0
0.937683,0
0.938049,0
0.938416,0
0.938782,0
0.939148,0
0.939514,0
0.93988,0
0.940247,0
0.940613,0
0.940979,0
0.941345,0
0.941711,0
0.942078,0
0.942444,0
0.94281,0
0.943176,0
0.943542,0
0.943909,0
0.944275,0
0.944641,0
0.945007,0
0.945374,0
0.94574,0
0.946106,0
0.946472,0
0.946838,0
0.947205,0
0.947571,0
0.947937,0
0.948303,0
0.948669,0
0.949036,0
0.949402,0
0.949768,0
0.950134,0
0.9505,0
0.950867,0
0.951233,0
0.951599,0
0.951965,0
0.952332,0
0.952698,0
0.953064,0
0.95343,0
0.953796,0
0.954163,0
0.954529,0
0.954895,0
0.955261,0
0.955627,0
0.955994,0
0.95636,0
0.956726,0
0.957092,0
0.957458,0
0.957825,0
0.958191,0
0.958557,0
0.958923,0
0.95929,0
0.959656,0
0.960022,0
0.960388,0
0.960754,0
0.961121,0
0.961487,0
0.961853,0
0.962219,0
0.962585,0
0.962952,0
0.963318,0
0.963684,0
0.96405,0
0.964417,0
0.964783,0
0.965149,0
0.965515,0
0.965881,0
0.966248,0
0.966614,0
0.96698,0
0.967346,0
0.967712,0
0.968079,0
0.968445,0
0.968811,0
0.969177,0
0.969543,0
0.96991,0
0.970276,0
0.970642,0
0.971008,0
0.971375,0
0.971741,0
0.972107,0
0.972473,0
0.972839,0
0.973206,0
0.973572,0
0.973938,0
0.974304,0
0.97467,0
0.975037,0
0.975403,0
0.975769,0
0.976135,0
0.976501,0
0.976868,0
0.977234,0
0.9776,0
0.977966,0
0.978333,0
0.978699,0
0.979065,0
0.979431,0
0.979797,0
0.980164,0
0.98053,0
0.980896,0
0.981262,0
0.981628,0
0.981995,0
0.982361,0
0.982727,0
0.983093,0
0.983459,0
0.983826,0
0.984192,0
0.984558,0
0.984924,0
0.985291,0
0.985657,0
0.986023,0
0.986389,0
0.986755,0
0.987122,0
0.987488,0
0.987854,0
0.98822,0
0.988586,0
0.988953,0
0.989319,0
0.989685,0
0.990051,0
0.990417,0
0.990784,0
0.99115,0
0.991516,0
0.991882,0
0.992249,0
0.992615,0
0.992981,0
0.993347,0
0.993713,0
0.99408,0
0.994446,0
0.994812,0
0.995178,0
0.995544,0
0.995911,0
0.996277,0
0.996643,0
0.997009,0
0.997375,0
0.997742,0
0.998108,0
0.998474,0
0.99884,0
0.999207,0
0.999573,0
0.999939,0
1.00031,0
1.00067,0
1.00104,0
1.0014,0
1.00177,0
1.00214,0
1.0025,0
1.00287,0
1.00323,0
1.0036,0
1.00397,0
1.00433,0
1.0047,0
1.00507,0
1.00543,0
1.0058,0
1.00616,0
1.00653,0
1.0069,0
1.00726,0
1.00763,0
1.008,0
1.00836,0
1.00873,0
1.00909,0
1.00946,0
1.00983,0
1.01019,0
1.01056,0
1.01093,0
1.01129,0
1.01166,0
1.01202,0
1.01239,0
1.01276,0
1.01312,0
1.01349,0
1.01385,0
1.01422,0
1.01459,0
1.01495,0
1.01532,0
1.01569,0
1.01605,0
1.01642,0
1.01678,0
1.01715,0
1.01752,0
1.01788,0
1.01825,0
1.01862,0
1.01898,0
1.01935,0
1.01971,0
1.02008,0
1.02045,0
1.02081,0
1.02118,0
1.02155,0
1.02191,0
1.02228,0
1.02264,0
1.02301,0
1.02338,0
1.02374,0
1.02411,0
1.02448,0
1.02484,0
1.02521,0
1.02557,0
1.02594,0
1.02631,0
1.02667,0
1.02704,0
1.0274,0
1.02777,0
1.02814,0
1.0285,0
1.02887,0
1.02924,0
1.0296,0
1.02997,0
1.03033,0
1.0307,0
1.03107,0
1.03143,0
1.0318,0
1.03217,0
1.03253,0
1.0329,0
1.03326,0
1.03363,0
1.034,0
1.03436,0
1.03473,0
1.0351,0
1.03546,0
1.03583,0
1.03619,0
1.03656,0
1.03693,0
1.03729,0
1.03766,0
1.03802,0
1.03839,0
1.03876,0
1.03912,0
1.03949,0
1.03986,0
1.04022,0
1.04059,0
1.04095,0
1.04132,0
1.04169,0
1.04205,0
1.04242,0
1.04279,0
1.04315,0
1.04352,0
1.04388,0
1.04425,0
1.04462,0
1.04498,0
1.04535,0
1.04572,0
1.04608,0
1.04645,0
1.04681,0
1.04718,0
1.04755,0
1.04791,0
1.04828,0
1.04865,0
1.04901,0
1.04938,0
1.04974,0
1.05011,0
1.05048,0
1.05084,0
1.05121,0
1.05157,0
1.05194,0
1.05231,0
1.05267,0
1.05304,0
1.05341,0
1.05377,0
1.05414,0
1.0545,0
1.05487,0
1.05524,0
1.0556,0
1.05597,0
1.05634,0
1.0567,0
1.05707,0
1.05743,0
1.0578,0
1.05817,0
1.05853,0
1.0589,0
1.05927,0
1.05963,0
1.06,0
1.06036,0
1.06073,0
1.0611,0
1.06146,0
1.06183,0
1.06219,0
1.06256,0
1.06293,0
1.06329,0
1.06366,0
1.06403,0
1.06439,0
1.06476,0
1.06512,0
1.06549,0
1.06586,0
1.06622,0
1.06659,0
1.06696,0
1.06732,0
1.06769,0
1.06805,0
1.06842,0
1.06879,0
1.06915,0
1.06952,0
1.06989,0
1.07025,0
1.07062,0
1.07098,0
1.07135,0
1.07172,0
1.07208,0
1.07245,0
1.07281,0
1.07318,0
1.07355,0
1.07391,0
1.07428,0
1.07465,0
1.07501,0
1.07538,0
1.07574,0
1.07611,0
1.07648,0
1.07684,0
1.07721,0
1.07758,0
1.07794,0
1.07831,0
1.07867,0
1.07904,0
1.07941,0
1.07977,0
1.08014,0
1.08051,0
1.08087,0
1.08124,0
1.0816,0
1.08197,0
1.08234,0
1.0827,0
1.08307,0
1.08344,0
1.0838,0
1.08417,0
1.08453,0
1.0849,0
1.08527,0
1.08563,0
1.086,0
1.08636,0
1.08673,0
1.0871,0
1.08746,0
1.08783,0
1.0882,0
1.08856,0
1.08893,0
1.08929,0
1.08966,0
1.09003,0
1.09039,0
1.09076,0
1.09113,0
1.09149,0
1.09186,0
1.09222,0
1.09259,0
1.09296,0
1.09332,0
1.09369,0
1.09406,0
1.09442,0
1.09479,0
1.09515,0
1.09552,0
1.09589,0
1.09625,0
1.09662,0
1.09698,0
1.09735,0
1.09772,0
1.09808,0
1.09845,0
1.09882,0
1.09918,0
1.09955,0
1.09991,0
1.10028,0
1.10065,0
1.10101,0
1.10138,0
1.10175,0
1.10211,0
1.10248,0
1.10284,0
1.10321,0
1.10358,0
1.10394,0
1.10431,0
1.10468,0
1.10504,0
1.10541,0
1.10577,0
1.10614,0
1.10651,0
1.10687,0
1.10724,0
1.1076,0
1.10797,0
1.10834,0
1.1087,0
1.10907,0
1.10944,0
1.1098,0
1.11017,0
1.11053,0
1.1109,0
1.11127,0
1.11163,0
1.112,0
1.11237,0
1.11273,0
1.1131,0
1.11346,0
1.11383,0
1.1142,0
1.11456,0
1.11493,0
1.1153,0
1.11566,0
1.11603,0
1.11639,0
1.11676,0
1.11713,0
1.11749,0
1.11786,0
1.11823,0
1.11859,0
1.11896,0
1.11932,0
1.11969,0
1.12006,0
1.12042,0
1.12079,0
1.12115,0
1.12152,0
1.12189,0
1.12225,0
1.12262,0
1.12299,0
1.12335,0
1.12372,0
1.12408,0
1.12445,0
1.12482,0
1.12518,0
1.12555,0
1.12592,0
1.12628,0
1.12665,0
1.12701,0
1.12738,0
1.12775,0
1.12811,0
1.12848,0
1.12885,0
1.12921,0
1.12958,0
1.12994,0
1.13031,0
1.13068,0
1.13104,0
1.13141,0
1.13177,0
1.13214,0
1.13251,0
1.13287,0
1.13324,0
1.13361,0
1.13397,0
1.13434,0
1.1347,0
1.13507,0
1.13544,0
1.1358,0
1.13617,0
1.13654,0
1.1369,0
1.13727,0
1.13763,0
1.138,0
1.13837,0
1.13873,0
1.1391,0
1.13947,0
1.13983,0
1.1402,0
1.14056,0
1.14093,0
1.1413,0
1.14166,0
1.14203,0
1.1424,0
1.14276,0
1.14313,0
1.14349,0
1.14386,0
1.14423,0
1.14459,0
1.14496,0
1.14532,0
1.14569,0
1.14606,0
1.14642,0
1.14679,0
1.14716,0
1.14752,0
1.14789,0
1.14825,0
1.14862,0
1.14899,0
1.14935,0
1.14972,0
1.15009,0
1.15045,0
1.15082,0
1.15118,0
1.15155,0
1.15192,0
1.15228,0
1.15265,0
1.15302,0
1.15338,0
1.15375,0
1.15411,0
1.15448,0
1.15485,0
1.15521,0
1.15558,0
1.15594,0
1.15631,0
1.15668,0
1.15704,0
1.15741,0
1.15778,0
1.15814,0
1.15851,0
1.15887,0
1.15924,0
1.15961,0
1.15997,0
1.16034,0
1.16071,0
1.16107,0
1.16144,0
1.1618,0
1.16217,0
1.16254,0
1.1629,0
1.16327,0
1.16364,0
1.164,0
1.16437,0
1.16473,0
1.1651,0
1.16547,0
1.16583,0
1.1662,0
1.16656,0
1.16693,0
1.1673,0
1.16766,0
1.16803,0
1.1684,0
1.16876,0
1.16913,0
1.16949,0
1.16986,0
1.17023,0
1.17059,0
1.17096,0
1.17133,0
1.17169,0
1.17206,0
1.17242,0
1.17279,0
1.17316,0
1.17352,0
1.17389,0
1.17426,0
1.17462,0
1.17499,0
1.17535,0
1.17572,0
1.17609,0
1.17645,0
1.17682,0
1.17719,0
1.17755,0
1.17792,0
1.17828,0
1.17865,0
1.17902,0
1.17938,0
1.17975,0
1.18011,0
1.18048,0
1.18085,0
1.18121,0
1.18158,0
1.18195,0
1.18231,0
1.18268,0
1.18304,0
1.18341,0
1.18378,0
1.18414,0
1.18451,0
1.18488,0
1.18524,0
1.18561,0
1.18597,0
1.18634,0
1.18671,0
1.18707,0
1.18744,0
1.18781,0
1.18817,0
1.18854,0
1.1889,0
1.18927,0
1.18964,0
1.19,0
1.19037,0
1.19073,0
1.1911,0
1.19147,0
1.19183,0
1.1922,0
1.19257,0
1.19293,0
1.1933,0
1.19366,0
1.19403,0
1.1944,0
1.19476,0
1.19513,0
1.1955,0
1.19586,0
1.19623,0
1.19659,0
1.19696,0
1.19733,0
1.19769,0
1.19806,0
1.19843,0
1.19879,0
1.19916,0
1.19952,0
1.19989,0
1.20026,0
1.20062,0
1.20099,0
1.20135,0
1.20172,0
1.20209,0
1.20245,0
1.20282,0
1.20319,0
1.20355,0
1.20392,0
1.20428,0
1.20465,0
1.20502,0
1.20538,0
1.20575,0
1.20612,0
1.20648,0
1.20685,0
1.20721,0
1.20758,0
1.20795,0
1.20831,0
1.20868,0
1.20905,0
1.20941,0
1.20978,0
1.21014,0
1.21051,0
1.21088,0
1.21124,0
1.21161,0
1.21198,0
1.21234,0
1.21271,0
1.21307,0
1.21344,0
1.21381,0
1.21417,0
1.21454,0
1.2149,0
1.21527,0
1.21564,0
1.216,0
1.21637,0
1.21674,0
1.2171,0
1.21747,0
1.21783,0
1.2182,0
1.21857,0
1.21893,0
1.2193,0
1.21967,0
1.22003,0
1.2204,0
1.22076,0
1.22113,0
1.2215,0
1.22186,0
1.22223,0
1.2226,0
1.22296,0
1.22333,0
1.22369,0
1.22406,0
1.22443,0
1.22479,0
1.22516,0
1.22552,0
1.22589,0
1.22626,0
1.22662,0
1.22699,0
1.22736,0
1.22772,0
1.22809,0
1.22845,0
1.22882,0
1.22919,0
1.22955,0
1.22992,0
1.23029,0
1.23065,0
1.23102,0
1.23138,0
1.23175,0
1.23212,0
1.23248,0
1.23285,0
1.23322,0
1.23358,0
1.23395,0
1.23431,0
1.23468,0
1.23505,0
1.23541,0
1.23578,0
1.23615,0
1.23651,0
1.23688,0
1.23724,0
1.23761,0
1.23798,0
1.23834,0
1.23871,0
1.23907,0
1.23944,0
1.23981,0
1.24017,0
1.24054,0
1.24091,0
1.24127,0
1.24164,0
1.242,0
1.24237,0
1.24274,0
1.2431,0
1.24347,0
1.24384,0
1.2442,0
1.24457,0
1.24493,0
1.2453,0
1.24567,0
1.24603,0
1.2464,0
1.24677,0
1.24713,0
1.2475,0
1.24786,0
1.24823,0
1.2486,0
1.24896,0
1.24933,0
1.24969,0
1.25006,0
1.25043,0
1.25079,0
1.25116,0
1.25153,0
1.25189,0
1.25226,0
1.25262,0
1.25299,0
1.25336,0
1.25372,0
1.25409,0
1.25446,0
1.25482,0
1.25519,0
1.25555,0
1.25592,0
1.25629,0
1.25665,0
1.25702,0
1.25739,0
1.25775,0
1.25812,0
1.25848,0
1.25885,0
1.25922,0
1.25958,0
1.25995,0
1.26031,0
1.26068,0
1.26105,0
1.26141,0
1.26178,0
1.26215,0
1.26251,0
1.26288,0
1.26324,0
1.26361,0
1.26398,0
1.26434,0
1.26471,0
1.26508,0
1.26544,0
1.26581,0
1.26617,0
1.26654,0
1.26691,0
1.26727,0
1.26764,0
1.26801,0
1.26837,0
1.26874,0
1.2691,0
1.26947,0
1.26984,0
1.2702,0
1.27057,0
1.27094,0
1.2713,0
1.27167,0
1.27203,0
1.2724,0
1.27277,0
1.27313,0
1.2735,0
1.27386,0
1.27423,0
1.2746,0
1.27496,0
1.27533,0
1.2757,0
1.27606,0
1.27643,0
1.27679,0
1.27716,0
1.27753,0
1.27789,0
1.27826,0
1.27863,0
1.27899,0
1.27936,0
1.27972,0
1.28009,0
1.28046,0
1.28082,0
1.28119,0
1.28156,0
1.28192,0
1.28229,0
1.28265,0
1.28302,0
1.28339,0
1.28375,0
1.28412,0
1.28448,0
1.28485,0
1.28522,0
1.28558,0
1.28595,0
1.28632,0
1.28668,0
1.28705,0
1.28741,0
1.28778,0
1.28815,0
1.28851,0
1.28888,0
1.28925,0
1.28961,0
1.28998,0
1.29034,0
1.29071,0
1.29108,0
1.29144,0
1.29181,0
1.29218,0
1.29254,0
1.29291,0
1.29327,0
1.29364,0
1.29401,0
1.29437,0
1.29474,0
1.2951,0
1.29547,0
1.29584,0
1.2962,0
1.29657,0
1.29694,0
1.2973,0
1.29767,0
1.29803,0
1.2984,0
1.29877,0
1.29913,0
1.2995,0
1.29987,0
1.30023,0
1.3006,0
1.30096,0
1.30133,0
1.3017,0
1.30206,0
1.30243,0
1.3028,0
1.30316,0
1.30353,0
1.30389,0
1.30426,0
1.30463,0
1.30499,0
1.30536,0
1.30573,0
1.30609,0
1.30646,0
1.30682,0
1.30719,0
1.30756,0
1.30792,0
1.30829,0
1.30865,0
1.30902,0
1.30939,0
1.30975,0
1.31012,0
1.31049,0
1.31085,0
1.31122,0
1.31158,0
1.31195,0
1.31232,0
1.31268,0
1.31305,0
1.31342,0
1.31378,0
1.31415,0
1.31451,0
1.31488,0
1.31525,0
1.31561,0
1.31598,0
1.31635,0
1.31671,0
1.31708,0
1.31744,0
1.31781,0
1.31818,0
1.31854,0
1.31891,0
1.31927,0
1.31964,0
1.32001,0
1.32037,0
1.32074,0
1.32111,0
1.32147,0
1.32184,0
1.3222,0
1.32257,0
1.32294,0
1.3233,0
1.32367,0
1.32404,0
1.3244,0
1.32477,0
1.32513,0
1.3255,0
1.32587,0
1.32623,0
1.3266,0
1.32697,0
1.32733,0
1.3277,0
1.32806,0
1.32843,0
1.3288,0
1.32916,0
1.32953,0
1.3299,0
1.33026,0
1.33063,0
1.33099,0
1.33136,0
1.33173,0
1.33209,0
1.33246,0
1.33282,0
1.33319,0
1.33356,0
1.33392,0
1.33429,0
1.33466,0
1.33502,0
1.33539,0
1.33575,0
1.33612,0
1.33649,0
1.33685,0
1.33722,0
1.33759,0
1.33795,0
1.33832,0
1.33868,0
1.33905,0
1.33942,0
1.33978,0
1.34015,0
1.34052,0
1.34088,0
1.34125,0
1.34161,0
1.34198,0
1.34235,0
1.34271,0
1.34308,0
1.34344,0
1.34381,0
1.34418,0
1.34454,0
1.34491,0
1.34528,0
1.34564,0
1.34601,0
1.34637,0
1.34674,0
1.34711,0
1.34747,0
1.34784,0
1.34821,0
1.34857,0
1.34894,0
1.3493,0
1.34967,0
1.35004,0
1.3504,0
1.35077,0
1.35114,0
1.3515,0
1.35187,0
1.35223,0
1.3526,0
1.35297,0
1.35333,0
1.3537,0
1.35406,0
1.35443,0
1.3548,0
1.35516,0
1.35553,0
1.3559,0
1.35626,0
1.35663,0
1.35699,0
1.35736,0
1.35773,0
1.35809,0
1.35846,0
1.35883,0
1.35919,0
1.35956,0
1.35992,0
1.36029,0
1.36066,0
1.36102,0
1.36139,0
1.36176,0
1.36212,0
1.36249,0
1.36285,0
1.36322,0
1.36359,0
1.36395,0
1.36432,0
1.36469,0
1.36505,0
1.36542,0
1.36578,0
1.36615,0
1.36652,0
1.36688,0
1.36725,0
1.36761,0
1.36798,0
1.36835,0
1.36871,0
1.36908,0
1.36945,0
1.36981,0
1.37018,0
1.37054,0
1.37091,0
1.37128,0
1.37164,0
1.37201,0
1.37238,0
1.37274,0
1.37311,0
1.37347,0
1.37384,0
1.37421,0
1.37457,0
1.37494,0
1.37531,0
1.37567,0
1.37604,0
1.3764,0
1.37677,0
1.37714,0
1.3775,0
1.37787,0
1.37823,0
1.3786,0
1.37897,0
1.37933,0
1.3797,0
1.38007,0
1.38043,0
1.3808,0
1.38116,0
1.38153,0
1.3819,0
1.38226,0
1.38263,0
1.383,0
1.38336,0
1.38373,0
1.38409,0
1.38446,0
1.38483,0
1.38519,0
1.38556,0
1.38593,0
1.38629,0
1.38666,0
1.38702,0
1.38739,0
1.38776,0
1.38812,0
1.38849,0
1.38885,0
1.38922,0
1.38959,0
1.38995,0
1.39032,0
1.39069,0
1.39105,0
1.39142,0
1.39178,0
1.39215,0
1.39252,0
1.39288,0
1.39325,0
1.39362,0
1.39398,0
1.39435,0
1.39471,0
1.39508,0
1.39545,0
1.39581,0
1.39618,0
1.39655,0
1.39691,0
1.39728,0
1.39764,0
1.39801,0
1.39838,0
1.39874,0
1.39911,0
1.39948,0
1.39984,0
1.40021,0
1.40057,0
1.40094,0
1.40131,0
1.40167,0
1.40204,0
1.4024,0
1.40277,0
1.40314,0
1.4035,0
1.40387,0
1.40424,0
1.4046,0
1.40497,0
1.40533,0
1.4057,0
1.40607,0
1.40643,0
1.4068,0
1.40717,0
1.40753,0
1.4079,0
1.40826,0
1.40863,0
1.409,0
1.40936,0
1.40973,0
1.4101,0
1.41046,0
1.41083,0
1.41119,0
1.41156,0
1.41193,0
1.41229,0
1.41266,0
1.41302,0
1.41339,0
1.41376,0
1.41412,0
1.41449,0
1.41486,0
1.41522,0
1.41559,0
1.41595,0
1.41632,0
1.41669,0
1.41705,0
1.41742,0
1.41779,0
1.41815,0
1.41852,0
1.41888,0
1.41925,0
1.41962,0
1.41998,0
1.42035,0
1.42072,0
1.42108,0
1.42145,0
1.42181,0
1.42218,0
1.42255,0
1.42291,0
1.42328,0
1.42365,0
1.42401,0
1.42438,0
1.42474,0
1.42511,0
1.42548,0
1.42584,0
1.42621,0
1.42657,0
1.42694,0
1.42731,0
1.42767,0
1.42804,0
1.42841,0
1.42877,0
1.42914,0
1.4295,0
1.42987,0
1.43024,0
1.4306,0
1.43097,0
1.43134,0
1.4317,0
1.43207,0
1.43243,0
1.4328,0
1.43317,0
1.43353,0
1.4339,0
1.43427,0
1.43463,0
1.435,0
1.43536,0
1.43573,0
1.4361,0
1.43646,0
1.43683,0
1.43719,0
1.43756,0
1.43793,0
1.43829,0
1.43866,0
1.43903,0
1.43939,0
1.43976,0
1.44012,0
1.44049,0
1.44086,0
1.44122,0
1.44159,0
1.44196,0
1.44232,0
1.44269,0
1.44305,0
1.44342,0
1.44379,0
1.44415,0
1.44452,0
1.44489,0
1.44525,0
1.44562,0
1.44598,0
1.44635,0
1.44672,0
1.44708,0
1.44745,0
1.44781,0
1.44818,0
1.44855,0
1.44891,0
1.44928,0
1.44965,0
1.45001,0
1.45038,0
1.45074,0
1.45111,0
1.45148,0
1.45184,0
1.45221,0
1.45258,0
1.45294,0
1.45331,0
1.45367,0
1.45404,0
1.45441,0
1.45477,0
1.45514,0
1.45551,0
1.45587,0
1.45624,0
1.4566,0
1.45697,0
1.45734,0
1.4577,0
1.45807,0
1.45844,0
1.4588,0
1.45917,0
1.45953,0
1.4599,0
1.46027,0
1.46063,0
1.461,0
1.46136,0
1.46173,0
1.4621,0
1.46246,0
1.46283,0
1.4632,0
1.46356,0
1.46393,0
1.46429,0
1.46466,0
1.46503,0
1.46539,0
1.46576,0
1.46613,0
1.46649,0
1.46686,0
1.46722,0
1.46759,0
1.46796,0
1.46832,0
1.46869,0
1.46906,0
1.46942,0
1.46979,0
1.47015,0
1.47052,0
1.47089,0
1.47125,0
1.47162,0
1.47198,0
1.47235,0
1.47272,0
1.47308,0
1.47345,0
1.47382,0
1.47418,0
1.47455,0
1.47491,0
1.47528,0
1.47565,0
1.47601,0
1.47638,0
1.47675,0
1.47711,0
1.47748,0
1.47784,0
1.47821,0
1.47858,0
1.47894,0
1.47931,0
1.47968,0
1.48004,0
1.48041,0
1.48077,0
1.48114,0
1.48151,0
1.48187,0
1.48224,0
1.4826,0
1.48297,0
1.48334,0
1.4837,0
1.48407,0
1.48444,0
1.4848,0
1.48517,0
1.48553,0
1.4859,0
1.48627,0
1.48663,0
1.487,0
1.48737,0
1.48773,0
1.4881,0
1.48846,0
1.48883,0
1.4892,0
1.48956,0
1.48993,0
1.4903,0
1.49066,0
1.49103,0
1.49139,0
1.49176,0
1.49213,0
1.49249,0
1.49286,0
1.49323,0
1.49359,0
1.49396,0
1.49432,0
1.49469,0
1.49506,0
1.49542,0
1.49579,0
1.49615,0
1.49652,0
1.49689,0
1.49725,0
1.49762,0
1.49799,0
1.49835,0
1.49872,0
1.49908,0
1.49945,0
1.49982,0
