0.000244141,9.9637e-05
0.000732422,0.000117429
0.0012207,0.000167248
0.00170898,0.000131663
0.00219727,0.000124546
0.00268555,0.000156572
0.00317383,0.000153014
0.00366211,0.000192157
0.00415039,0.000202833
0.00463867,0.000170806
0.00512695,0.000213508
0.00561523,0.000206391
0.00610352,0.000213508
0.0065918,0.000259768
0.00708008,0.000263326
0.00756836,0.000263326
0.00805664,0.0002313
0.00854492,0.000281119
0.0090332,0.000259768
0.00952148,0.000245534
0.0100098,0.000252651
0.010498,0.000270443
0.0109863,0.000274002
0.0114746,0.000227742
0.0119629,0.000181482
0.0124512,0.000224183
0.0129395,0.000206391
0.0134277,0.000234859
0.013916,0.000224183
0.0144043,0.00030247
0.0148926,0.000217066
0.0153809,0.000259768
0.0158691,0.000217066
0.0163574,0.000220625
0.0168457,0.0002313
0.017334,0.00018504
0.0178223,0.000195716
0.0183105,0.0002313
0.0187988,0.000170806
0.0192871,0.00025621
0.0197754,0.000181482
0.0202637,0.000224183
0.020752,0.000249093
0.0212402,0.000252651
0.0217285,0.000263326
0.0222168,0.000174365
0.0227051,0.000202833
0.0231934,0.000202833
0.0236816,0.000217066
0.0241699,0.000181482
0.0246582,0.000217066
0.0251465,0.000220625
0.0256348,0.000206391
0.026123,0.000249093
0.0266113,0.000224183
0.0270996,0.000195716
0.0275879,0.000195716
0.0280762,0.000252651
0.0285645,0.0002313
0.0290527,0.000274002
0.029541,0.000252651
0.0300293,0.000274002
0.0305176,0.000313145
0.0310059,0.00034873
0.0314941,0.000768629
0.0319824,0.00206035
0.0324707,0.00111736
0.032959,0.00025621
0.0334473,0.000238417
0.0339355,0.000220625
0.0344238,0.000224183
0.0349121,0.000238417
0.0354004,0.000284677
0.0358887,0.00039499
0.036377,0.00120988
0.0368652,0.000384314
0.0373535,0.000359405
0.0378418,0.000270443
0.0383301,0.000217066
0.0388184,0.000245534
0.0393066,0.00025621
0.0397949,0.000202833
0.0402832,0.000281119
0.0407715,0.000206391
0.0412598,0.0002313
0.041748,0.000284677
0.0422363,0.00025621
0.0427246,0.000241976
0.0432129,0.000249093
0.0437012,0.000234859
0.0441895,0.000224183
0.0446777,0.000227742
0.045166,0.000252651
0.0456543,0.000227742
0.0461426,0.000188599
0.0466309,0.000259768
0.0471191,0.000259768
0.0476074,0.000245534
0.0480957,0.000241976
0.048584,0.000213508
0.0490723,0.000266885
0.0495605,0.000195716
0.0500488,0.00025621
0.0505371,0.00025621
0.0510254,0.000199274
0.0515137,0.000270443
0.052002,0.000156572
0.0524902,0.000259768
0.0529785,0.000206391
0.0534668,0.000309587
0.0539551,0.000227742
0.0544434,0.000202833
0.0549316,0.000227742
0.0554199,0.000249093
0.0559082,0.000274002
0.0563965,0.000238417
0.0568848,0.000209949
0.057373,0.00025621
0.0578613,0.000284677
0.0583496,0.00025621
0.0588379,0.000202833
0.0593262,0.000245534
0.0598145,0.000266885
0.0603027,0.000213508
0.060791,0.00018504
0.0612793,0.000281119
0.0617676,0.000266885
0.0622559,0.000252651
0.0627441,0.000234859
0.0632324,0.000252651
0.0637207,0.000252651
0.064209,0.000288236
0.0646973,0.000249093
0.0651855,0.000266885
0.0656738,0.000259768
0.0661621,0.000252651
0.0666504,0.000266885
0.0671387,0.000270443
0.067627,0.000270443
0.0681152,0.000252651
0.0686035,0.000295353
0.0690918,0.000263326
0.0695801,0.000313145
0.0700684,0.000217066
0.0705566,0.000284677
0.0710449,0.000234859
0.0715332,0.000263326
0.0720215,0.000259768
0.0725098,0.000209949
0.072998,0.000252651
0.0734863,0.000295353
0.0739746,0.000241976
0.0744629,0.000306028
0.0749512,0.000291794
0.0754395,0.000284677
0.0759277,0.000313145
0.076416,0.00032382
0.0769043,0.000224183
0.0773926,0.000252651
0.0778809,0.000298911
0.0783691,0.0002313
0.0788574,0.000309587
0.0793457,0.00027756
0.079834,0.000306028
0.0803223,0.00025621
0.0808105,0.000241976
0.0812988,0.000288236
0.0817871,0.000288236
0.0822754,0.000266885
0.0827637,0.000252651
0.083252,0.000245534
0.0837402,0.000306028
0.0842285,0.000266885
0.0847168,0.000234859
0.0852051,0.000330937
0.0856934,0.000259768
0.0861816,0.00030247
0.0866699,0.000288236
0.0871582,0.000270443
0.0876465,0.000274002
0.0881348,0.000291794
0.088623,0.000288236
0.0891113,0.000288236
0.0895996,0.000288236
0.0900879,0.00032382
0.0905762,0.00030247
0.0910645,0.00030247
0.0915527,0.00032382
0.092041,0.000330937
0.0925293,0.000284677
0.0930176,0.000359405
0.0935059,0.000295353
0.0939941,0.000291794
0.0944824,0.000270443
0.0949707,0.000270443
0.095459,0.000259768
0.0959473,0.000274002
0.0964355,0.000366522
0.0969238,0.000384314
0.0974121,0.000291794
0.0979004,0.000270443
0.0983887,0.000288236
0.098877,0.000352288
0.0993652,0.000334496
0.0998535,0.000313145
0.100342,0.000355847
0.10083,0.000259768
0.101318,0.000345171
0.101807,0.000288236
0.102295,0.000345171
0.102783,0.000281119
0.103271,0.00034873
0.10376,0.000345171
0.104248,0.000330937
0.104736,0.000320262
0.105225,0.00030247
0.105713,0.000327379
0.106201,0.00030247
0.106689,0.00032382
0.107178,0.000387873
0.107666,0.000380756
0.108154,0.000338054
0.108643,0.000341613
0.109131,0.000366522
0.109619,0.000313145
0.110107,0.000366522
0.110596,0.000380756
0.111084,0.000387873
0.111572,0.000330937
0.112061,0.000377197
0.112549,0.00034873
0.113037,0.000306028
0.113525,0.000423457
0.114014,0.000320262
0.114502,0.000405665
0.11499,0.000409224
0.115479,0.000409224
0.115967,0.000391431
0.116455,0.000398548
0.116943,0.000391431
0.117432,0.000387873
0.11792,0.000402107
0.118408,0.000405665
0.118896,0.000423457
0.119385,0.000398548
0.119873,0.00041634
0.120361,0.000402107
0.12085,0.000405665
0.121338,0.000423457
0.121826,0.000412782
0.122314,0.00037008
0.122803,0.000373639
0.123291,0.000380756
0.123779,0.00034873
0.124268,0.000391431
0.124756,0.000384314
0.125244,0.000423457
0.125732,0.000412782
0.126221,0.00041634
0.126709,0.000373639
0.127197,0.000427016
0.127686,0.000473276
0.128174,0.000427016
0.128662,0.000419899
0.12915,0.000341613
0.129639,0.000362963
0.130127,0.000412782
0.130615,0.000434133
0.131104,0.000402107
0.131592,0.000380756
0.13208,0.000391431
0.132568,0.00041634
0.133057,0.000434133
0.133545,0.000338054
0.134033,0.000384314
0.134521,0.000437691
0.13501,0.000341613
0.135498,0.000412782
0.135986,0.000334496
0.136475,0.000430574
0.136963,0.000362963
0.137451,0.000355847
0.137939,0.000306028
0.138428,0.000366522
0.138916,0.00041634
0.139404,0.000359405
0.139893,0.000345171
0.140381,0.000423457
0.140869,0.000419899
0.141357,0.000373639
0.141846,0.000476834
0.142334,0.000359405
0.142822,0.000377197
0.143311,0.00041634
0.143799,0.000384314
0.144287,0.000398548
0.144775,0.000341613
0.145264,0.000430574
0.145752,0.000423457
0.14624,0.000377197
0.146729,0.000359405
0.147217,0.000391431
0.147705,0.000352288
0.148193,0.00044125
0.148682,0.000423457
0.14917,0.000434133
0.149658,0.000391431
0.150146,0.000427016
0.150635,0.000377197
0.151123,0.000391431
0.151611,0.000355847
0.1521,0.000359405
0.152588,0.000402107
0.153076,0.000391431
0.153564,0.000366522
0.154053,0.000355847
0.154541,0.000480393
0.155029,0.000341613
0.155518,0.000345171
0.156006,0.000352288
0.156494,0.000380756
0.156982,0.000409224
0.157471,0.00037008
0.157959,0.00041634
0.158447,0.000384314
0.158936,0.000334496
0.159424,0.000391431
0.159912,0.000405665
0.1604,0.000345171
0.160889,0.000398548
0.161377,0.000295353
0.161865,0.000345171
0.162354,0.00044125
0.162842,0.000391431
0.16333,0.000427016
0.163818,0.00039499
0.164307,0.000366522
0.164795,0.000387873
0.165283,0.000409224
0.165771,0.00041634
0.16626,0.000398548
0.166748,0.000341613
0.167236,0.000359405
0.167725,0.00037008
0.168213,0.000384314
0.168701,0.000398548
0.169189,0.000362963
0.169678,0.000270443
0.170166,0.000444808
0.170654,0.000412782
0.171143,0.00039499
0.171631,0.000430574
0.172119,0.000377197
0.172607,0.000387873
0.173096,0.000476834
0.173584,0.000419899
0.174072,0.000316703
0.174561,0.000405665
0.175049,0.000330937
0.175537,0.000459042
0.176025,0.000316703
0.176514,0.000366522
0.177002,0.000405665
0.17749,0.000434133
0.177979,0.000405665
0.178467,0.000451925
0.178955,0.000430574
0.179443,0.000412782
0.179932,0.000391431
0.18042,0.00039499
0.180908,0.000444808
0.181396,0.000412782
0.181885,0.000387873
0.182373,0.00039499
0.182861,0.000448367
0.18335,0.000419899
0.183838,0.000455484
0.184326,0.000437691
0.184814,0.000359405
0.185303,0.000430574
0.185791,0.000402107
0.186279,0.000423457
0.186768,0.000515978
0.187256,0.000419899
0.187744,0.000341613
0.188232,0.000508861
0.188721,0.00048751
0.189209,0.000387873
0.189697,0.000444808
0.190186,0.000459042
0.190674,0.000448367
0.191162,0.000423457
0.19165,0.000355847
0.192139,0.000459042
0.192627,0.000494627
0.193115,0.000409224
0.193604,0.000423457
0.194092,0.000462601
0.19458,0.000409224
0.195068,0.000409224
0.195557,0.000476834
0.196045,0.000459042
0.196533,0.000380756
0.197021,0.000455484
0.19751,0.000419899
0.197998,0.000451925
0.198486,0.000430574
0.198975,0.000405665
0.199463,0.00041634
0.199951,0.000451925
0.200439,0.000419899
0.200928,0.000359405
0.201416,0.000455484
0.201904,0.000469717
0.202393,0.000387873
0.202881,0.000455484
0.203369,0.000448367
0.203857,0.000430574
0.204346,0.000427016
0.204834,0.000448367
0.205322,0.00041634
0.205811,0.00044125
0.206299,0.00039499
0.206787,0.000391431
0.207275,0.000355847
0.207764,0.00037008
0.208252,0.000362963
0.20874,0.000427016
0.209229,0.000491068
0.209717,0.000387873
0.210205,0.000427016
0.210693,0.000448367
0.211182,0.000377197
0.21167,0.000402107
0.212158,0.000320262
0.212646,0.000402107
0.213135,0.000391431
0.213623,0.000366522
0.214111,0.00044125
0.2146,0.000427016
0.215088,0.000455484
0.215576,0.000469717
0.216064,0.000430574
0.216553,0.000444808
0.217041,0.000409224
0.217529,0.000469717
0.218018,0.000402107
0.218506,0.000430574
0.218994,0.000391431
0.219482,0.000451925
0.219971,0.000437691
0.220459,0.000434133
0.220947,0.000362963
0.221436,0.000437691
0.221924,0.00041634
0.222412,0.000430574
0.2229,0.000384314
0.223389,0.000437691
0.223877,0.000409224
0.224365,0.000362963
0.224854,0.000355847
0.225342,0.000330937
0.22583,0.000355847
0.226318,0.00032382
0.226807,0.000412782
0.227295,0.000384314
0.227783,0.000402107
0.228271,0.000423457
0.22876,0.000427016
0.229248,0.000434133
0.229736,0.000380756
0.230225,0.000437691
0.230713,0.000384314
0.231201,0.000384314
0.231689,0.000491068
0.232178,0.000362963
0.232666,0.000476834
0.233154,0.000345171
0.233643,0.00039499
0.234131,0.000359405
0.234619,0.000362963
0.235107,0.000384314
0.235596,0.00039499
0.236084,0.000419899
0.236572,0.000295353
0.237061,0.000427016
0.237549,0.000330937
0.238037,0.000434133
0.238525,0.000398548
0.239014,0.000377197
0.239502,0.000409224
0.23999,0.000398548
0.240479,0.000412782
0.240967,0.000373639
0.241455,0.000320262
0.241943,0.00032382
0.242432,0.000345171
0.24292,0.000387873
0.243408,0.000419899
0.243896,0.000355847
0.244385,0.000377197
0.244873,0.00037008
0.245361,0.000444808
0.24585,0.000405665
0.246338,0.000419899
0.246826,0.000362963
0.247314,0.000384314
0.247803,0.000405665
0.248291,0.00041634
0.248779,0.000387873
0.249268,0.000434133
0.249756,0.000405665
0.250244,0.000409224
0.250732,0.000455484
0.251221,0.000316703
0.251709,0.00041634
0.252197,0.000430574
0.252686,0.00037008
0.253174,0.000345171
0.253662,0.000309587
0.25415,0.000377197
0.254639,0.000402107
0.255127,0.00039499
0.255615,0.000345171
0.256104,0.00032382
0.256592,0.00032382
0.25708,0.000402107
0.257568,0.000327379
0.258057,0.00041634
0.258545,0.000341613
0.259033,0.00044125
0.259521,0.00044125
0.26001,0.000387873
0.260498,0.00032382
0.260986,0.00032382
0.261475,0.000355847
0.261963,0.000330937
0.262451,0.000387873
0.262939,0.000402107
0.263428,0.000366522
0.263916,0.000330937
0.264404,0.000412782
0.264893,0.000345171
0.265381,0.000377197
0.265869,0.000330937
0.266357,0.000391431
0.266846,0.000384314
0.267334,0.000380756
0.267822,0.000362963
0.268311,0.000359405
0.268799,0.00034873
0.269287,0.000313145
0.269775,0.000384314
0.270264,0.000373639
0.270752,0.000352288
0.27124,0.000359405
0.271729,0.000355847
0.272217,0.000373639
0.272705,0.00044125
0.273193,0.000419899
0.273682,0.000387873
0.27417,0.000380756
0.274658,0.000330937
0.275146,0.000338054
0.275635,0.000355847
0.276123,0.000391431
0.276611,0.000355847
0.2771,0.000352288
0.277588,0.000327379
0.278076,0.000355847
0.278564,0.00039499
0.279053,0.000448367
0.279541,0.00044125
0.280029,0.000373639
0.280518,0.000412782
0.281006,0.000402107
0.281494,0.000398548
0.281982,0.000373639
0.282471,0.000373639
0.282959,0.000373639
0.283447,0.00037008
0.283936,0.000391431
0.284424,0.000373639
0.284912,0.000405665
0.2854,0.000334496
0.285889,0.000384314
0.286377,0.000501744
0.286865,0.00041634
0.287354,0.000409224
0.287842,0.00039499
0.28833,0.000434133
0.288818,0.000437691
0.289307,0.00037008
0.289795,0.000430574
0.290283,0.00032382
0.290771,0.000377197
0.29126,0.000384314
0.291748,0.000437691
0.292236,0.000412782
0.292725,0.000469717
0.293213,0.00037008
0.293701,0.000451925
0.294189,0.000423457
0.294678,0.000338054
0.295166,0.000423457
0.295654,0.000355847
0.296143,0.000402107
0.296631,0.000398548
0.297119,0.00041634
0.297607,0.000384314
0.298096,0.00039499
0.298584,0.00041634
0.299072,0.000402107
0.299561,0.00037008
0.300049,0.00039499
0.300537,0.00039499
0.301025,0.000409224
0.301514,0.000405665
0.302002,0.000402107
0.30249,0.000380756
0.302979,0.000338054
0.303467,0.000409224
0.303955,0.000398548
0.304443,0.000366522
0.304932,0.000419899
0.30542,0.000434133
0.305908,0.000380756
0.306396,0.000359405
0.306885,0.000459042
0.307373,0.00039499
0.307861,0.000384314
0.30835,0.000306028
0.308838,0.000338054
0.309326,0.000448367
0.309814,0.000384314
0.310303,0.000366522
0.310791,0.000405665
0.311279,0.000434133
0.311768,0.00034873
0.312256,0.000473276
0.312744,0.000334496
0.313232,0.000405665
0.313721,0.000387873
0.314209,0.000427016
0.314697,0.000352288
0.315186,0.000427016
0.315674,0.000501744
0.316162,0.000402107
0.31665,0.000430574
0.317139,0.000427016
0.317627,0.00034873
0.318115,0.000437691
0.318604,0.000330937
0.319092,0.00041634
0.31958,0.000423457
0.320068,0.000444808
0.320557,0.000430574
0.321045,0.000419899
0.321533,0.000359405
0.322021,0.000362963
0.32251,0.00039499
0.322998,0.000451925
0.323486,0.000366522
0.323975,0.00039499
0.324463,0.000327379
0.324951,0.000498185
0.325439,0.000412782
0.325928,0.000380756
0.326416,0.000341613
0.326904,0.000423457
0.327393,0.00039499
0.327881,0.00037008
0.328369,0.000419899
0.328857,0.000384314
0.329346,0.000359405
0.329834,0.000437691
0.330322,0.00032382
0.330811,0.000391431
0.331299,0.000398548
0.331787,0.000320262
0.332275,0.000409224
0.332764,0.000387873
0.333252,0.000451925
0.33374,0.000366522
0.334229,0.000430574
0.334717,0.00037008
0.335205,0.000359405
0.335693,0.000359405
0.336182,0.000384314
0.33667,0.000387873
0.337158,0.000419899
0.337646,0.000355847
0.338135,0.000437691
0.338623,0.000402107
0.339111,0.000430574
0.3396,0.000427016
0.340088,0.000313145
0.340576,0.000362963
0.341064,0.000419899
0.341553,0.000362963
0.342041,0.000362963
0.342529,0.000405665
0.343018,0.000423457
0.343506,0.000402107
0.343994,0.00034873
0.344482,0.00044125
0.344971,0.000423457
0.345459,0.000419899
0.345947,0.000366522
0.346436,0.000402107
0.346924,0.000419899
0.347412,0.000419899
0.3479,0.000419899
0.348389,0.000409224
0.348877,0.00039499
0.349365,0.000384314
0.349854,0.000334496
0.350342,0.000423457
0.35083,0.000430574
0.351318,0.000327379
0.351807,0.000362963
0.352295,0.00041634
0.352783,0.000423457
0.353271,0.000402107
0.35376,0.000373639
0.354248,0.000483951
0.354736,0.000373639
0.355225,0.000498185
0.355713,0.000377197
0.356201,0.000409224
0.356689,0.000398548
0.357178,0.00037008
0.357666,0.000362963
0.358154,0.000434133
0.358643,0.00044125
0.359131,0.000359405
0.359619,0.000384314
0.360107,0.000412782
0.360596,0.000469717
0.361084,0.000448367
0.361572,0.000423457
0.362061,0.000384314
0.362549,0.000444808
0.363037,0.000398548
0.363525,0.000373639
0.364014,0.00041634
0.364502,0.000451925
0.36499,0.000451925
0.365479,0.000476834
0.365967,0.000387873
0.366455,0.000402107
0.366943,0.000387873
0.367432,0.000459042
0.36792,0.00039499
0.368408,0.000366522
0.368896,0.000402107
0.369385,0.000480393
0.369873,0.000409224
0.370361,0.000427016
0.37085,0.000437691
0.371338,0.000501744
0.371826,0.000398548
0.372314,0.000434133
0.372803,0.000366522
0.373291,0.000459042
0.373779,0.000437691
0.374268,0.000476834
0.374756,0.000419899
0.375244,0.000362963
0.375732,0.000459042
0.376221,0.000412782
0.376709,0.000412782
0.377197,0.000494627
0.377686,0.000366522
0.378174,0.000427016
0.378662,0.000427016
0.37915,0.000434133
0.379639,0.000412782
0.380127,0.000423457
0.380615,0.000448367
0.381104,0.00037008
0.381592,0.000434133
0.38208,0.00039499
0.382568,0.000423457
0.383057,0.000451925
0.383545,0.000451925
0.384033,0.000459042
0.384521,0.000405665
0.38501,0.00041634
0.385498,0.000423457
0.385986,0.000402107
0.386475,0.00039499
0.386963,0.000384314
0.387451,0.000409224
0.387939,0.000430574
0.388428,0.000402107
0.388916,0.000380756
0.389404,0.000437691
0.389893,0.000466159
0.390381,0.00041634
0.390869,0.000430574
0.391357,0.000398548
0.391846,0.000483951
0.392334,0.00039499
0.392822,0.000459042
0.393311,0.000398548
0.393799,0.000430574
0.394287,0.000430574
0.394775,0.00039499
0.395264,0.00039499
0.395752,0.000409224
0.39624,0.000437691
0.396729,0.000362963
0.397217,0.000444808
0.397705,0.000434133
0.398193,0.000341613
0.398682,0.000345171
0.39917,0.000427016
0.399658,0.000419899
0.400146,0.00041634
0.400635,0.000380756
0.401123,0.000430574
0.401611,0.000352288
0.4021,0.000380756
0.402588,0.000444808
0.403076,0.000444808
0.403564,0.000476834
0.404053,0.000366522
0.404541,0.000409224
0.405029,0.000387873
0.405518,0.000402107
0.406006,0.000423457
0.406494,0.000355847
0.406982,0.000405665
0.407471,0.000423457
0.407959,0.00039499
0.408447,0.000412782
0.408936,0.000448367
0.409424,0.000419899
0.409912,0.000469717
0.4104,0.000444808
0.410889,0.000448367
0.411377,0.000466159
0.411865,0.000476834
0.412354,0.000437691
0.412842,0.000419899
0.41333,0.000384314
0.413818,0.000387873
0.414307,0.000480393
0.414795,0.000469717
0.415283,0.000462601
0.415771,0.000459042
0.41626,0.000494627
0.416748,0.00044125
0.417236,0.00041634
0.417725,0.000377197
0.418213,0.000355847
0.418701,0.000384314
0.419189,0.000476834
0.419678,0.000501744
0.420166,0.000480393
0.420654,0.00044125
0.421143,0.000402107
0.421631,0.000405665
0.422119,0.000476834
0.422607,0.000419899
0.423096,0.00041634
0.423584,0.000373639
0.424072,0.000405665
0.424561,0.000476834
0.425049,0.000462601
0.425537,0.000398548
0.426025,0.000451925
0.426514,0.00044125
0.427002,0.000462601
0.42749,0.000430574
0.427979,0.000437691
0.428467,0.000469717
0.428955,0.000412782
0.429443,0.000448367
0.429932,0.000437691
0.43042,0.000491068
0.430908,0.000483951
0.431396,0.000483951
0.431885,0.000419899
0.432373,0.000430574
0.432861,0.000494627
0.43335,0.000462601
0.433838,0.000466159
0.434326,0.000434133
0.434814,0.000480393
0.435303,0.000455484
0.435791,0.000523094
0.436279,0.000462601
0.436768,0.000377197
0.437256,0.000430574
0.437744,0.000448367
0.438232,0.000419899
0.438721,0.000462601
0.439209,0.000412782
0.439697,0.000444808
0.440186,0.000459042
0.440674,0.000512419
0.441162,0.00048751
0.44165,0.00048751
0.442139,0.000469717
0.442627,0.000391431
0.443115,0.000466159
0.443604,0.000455484
0.444092,0.000444808
0.44458,0.000519536
0.445068,0.000434133
0.445557,0.000405665
0.446045,0.000480393
0.446533,0.000523094
0.447021,0.000444808
0.44751,0.000540887
0.447998,0.000505302
0.448486,0.000483951
0.448975,0.000483951
0.449463,0.00053377
0.449951,0.000405665
0.450439,0.00048751
0.450928,0.000530211
0.451416,0.000469717
0.451904,0.000459042
0.452393,0.000501744
0.452881,0.000572913
0.453369,0.000462601
0.453857,0.000480393
0.454346,0.00044125
0.454834,0.00048751
0.455322,0.000491068
0.455811,0.000476834
0.456299,0.000508861
0.456787,0.000604939
0.457275,0.000498185
0.457764,0.000565796
0.458252,0.000473276
0.45874,0.000444808
0.459229,0.000523094
0.459717,0.000459042
0.460205,0.00041634
0.460693,0.000466159
0.461182,0.00044125
0.46167,0.000462601
0.462158,0.00048751
0.462646,0.000483951
0.463135,0.000491068
0.463623,0.000398548
0.464111,0.000444808
0.4646,0.000469717
0.465088,0.000508861
0.465576,0.000512419
0.466064,0.000434133
0.466553,0.000530211
0.467041,0.000419899
0.467529,0.000469717
0.468018,0.000508861
0.468506,0.000455484
0.468994,0.000483951
0.469482,0.000359405
0.469971,0.000423457
0.470459,0.000430574
0.470947,0.000434133
0.471436,0.00039499
0.471924,0.00048751
0.472412,0.000459042
0.4729,0.000387873
0.473389,0.000352288
0.473877,0.000469717
0.474365,0.000501744
0.474854,0.000480393
0.475342,0.000444808
0.47583,0.000512419
0.476318,0.00041634
0.476807,0.000437691
0.477295,0.000423457
0.477783,0.000391431
0.478271,0.00041634
0.47876,0.000444808
0.479248,0.00039499
0.479736,0.000412782
0.480225,0.000444808
0.480713,0.000419899
0.481201,0.000402107
0.481689,0.000359405
0.482178,0.000437691
0.482666,0.00039499
0.483154,0.000405665
0.483643,0.000330937
0.484131,0.000387873
0.484619,0.000362963
0.485107,0.000423457
0.485596,0.00039499
0.486084,0.000384314
0.486572,0.00034873
0.487061,0.000330937
0.487549,0.000327379
0.488037,0.000316703
0.488525,0.00030247
0.489014,0.00039499
0.489502,0.000316703
0.48999,0.000274002
0.490479,0.000284677
0.490967,0.000334496
0.491455,0.000288236
0.491943,0.000327379
0.492432,0.000327379
0.49292,0.000320262
0.493408,0.000320262
0.493896,0.000362963
0.494385,0.000284677
0.494873,0.00034873
0.495361,0.00034873
0.49585,0.000284677
0.496338,0.000316703
0.496826,0.00032382
0.497314,0.000313145
0.497803,0.000263326
0.498291,0.000320262
0.498779,0.000334496
0.499268,0.000320262
0.499756,0.00030247
0.500244,0.000249093
0.500732,0.00025621
0.501221,0.000330937
0.501709,0.000295353
0.502197,0.000249093
0.502686,0.000338054
0.503174,0.000327379
0.503662,0.00025621
0.50415,0.000263326
0.504639,0.000281119
0.505127,0.000281119
0.505615,0.0002313
0.506104,0.000274002
0.506592,0.0002313
0.50708,0.000263326
0.507568,0.00025621
0.508057,0.000270443
0.508545,0.000309587
0.509033,0.000327379
0.509521,0.000274002
0.51001,0.00039499
0.510498,0.000213508
0.510986,0.000313145
0.511475,0.000320262
0.511963,0.000284677
0.512451,0.000234859
0.512939,0.00025621
0.513428,0.000259768
0.513916,0.000252651
0.514404,0.00025621
0.514893,0.000320262
0.515381,0.000295353
0.515869,0.000288236
0.516357,0.000266885
0.516846,0.000227742
0.517334,0.000281119
0.517822,0.000295353
0.518311,0.000288236
0.518799,0.000306028
0.519287,0.000259768
0.519775,0.00027756
0.520264,0.000252651
0.520752,0.000227742
0.52124,0.000224183
0.521729,0.000284677
0.522217,0.000206391
0.522705,0.000213508
0.523193,0.000313145
0.523682,0.000245534
0.52417,0.000291794
0.524658,0.000263326
0.525146,0.000217066
0.525635,0.000270443
0.526123,0.000224183
0.526611,0.000288236
0.5271,0.0002313
0.527588,0.000274002
0.528076,0.000274002
0.528564,0.000274002
0.529053,0.000352288
0.529541,0.000270443
0.530029,0.00027756
0.530518,0.000274002
0.531006,0.000270443
0.531494,0.000220625
0.531982,0.000306028
0.532471,0.000199274
0.532959,0.000245534
0.533447,0.000241976
0.533936,0.000195716
0.534424,0.00027756
0.534912,0.000291794
0.5354,0.000266885
0.535889,0.000281119
0.536377,0.000217066
0.536865,0.000284677
0.537354,0.000245534
0.537842,0.00025621
0.53833,0.000249093
0.538818,0.000217066
0.539307,0.000245534
0.539795,0.000263326
0.540283,0.000284677
0.540771,0.000270443
0.54126,0.000217066
0.541748,0.000245534
0.542236,0.000259768
0.542725,0.00027756
0.543213,0.000274002
0.543701,0.000249093
0.544189,0.000252651
0.544678,0.000270443
0.545166,0.000298911
0.545654,0.0002313
0.546143,0.000266885
0.546631,0.000199274
0.547119,0.000220625
0.547607,0.00025621
0.548096,0.000238417
0.548584,0.000241976
0.549072,0.000241976
0.549561,0.000259768
0.550049,0.000263326
0.550537,0.000281119
0.551025,0.00025621
0.551514,0.000291794
0.552002,0.000195716
0.55249,0.000245534
0.552979,0.00025621
0.553467,0.000245534
0.553955,0.000266885
0.554443,0.000249093
0.554932,0.00030247
0.55542,0.000263326
0.555908,0.000320262
0.556396,0.000217066
0.556885,0.000320262
0.557373,0.000320262
0.557861,0.000245534
0.55835,0.000266885
0.558838,0.00025621
0.559326,0.000266885
0.559814,0.000245534
0.560303,0.000217066
0.560791,0.000298911
0.561279,0.00025621
0.561768,0.000313145
0.562256,0.000259768
0.562744,0.000281119
0.563232,0.00025621
0.563721,0.000213508
0.564209,0.000298911
0.564697,0.000252651
0.565186,0.000241976
0.565674,0.00025621
0.566162,0.0002313
0.56665,0.000245534
0.567139,0.000281119
0.567627,0.000227742
0.568115,0.000252651
0.568604,0.000274002
0.569092,0.000213508
0.56958,0.00027756
0.570068,0.000295353
0.570557,0.000270443
0.571045,0.000263326
0.571533,0.000284677
0.572021,0.000217066
0.57251,0.000288236
0.572998,0.000270443
0.573486,0.0002313
0.573975,0.00027756
0.574463,0.000249093
0.574951,0.000306028
0.575439,0.000245534
0.575928,0.000224183
0.576416,0.0002313
0.576904,0.00025621
0.577393,0.000209949
0.577881,0.000274002
0.578369,0.000234859
0.578857,0.000274002
0.579346,0.000213508
0.579834,0.000284677
0.580322,0.000241976
0.580811,0.000266885
0.581299,0.000281119
0.581787,0.000252651
0.582275,0.00030247
0.582764,0.000188599
0.583252,0.000241976
0.58374,0.000252651
0.584229,0.000270443
0.584717,0.000270443
0.585205,0.00025621
0.585693,0.000274002
0.586182,0.000227742
0.58667,0.000220625
0.587158,0.000266885
0.587646,0.00027756
0.588135,0.000217066
0.588623,0.000202833
0.589111,0.000259768
0.5896,0.000249093
0.590088,0.000249093
0.590576,0.000274002
0.591064,0.000288236
0.591553,0.000238417
0.592041,0.000206391
0.592529,0.0002313
0.593018,0.000298911
0.593506,0.000213508
0.593994,0.000245534
0.594482,0.000249093
0.594971,0.000295353
0.595459,0.000309587
0.595947,0.000306028
0.596436,0.00030247
0.596924,0.000245534
0.597412,0.000266885
0.5979,0.00025621
0.598389,0.000224183
0.598877,0.000238417
0.599365,0.000252651
0.599854,0.00025621
0.600342,0.000309587
0.60083,0.000313145
0.601318,0.000259768
0.601807,0.000209949
0.602295,0.00025621
0.602783,0.00027756
0.603271,0.000220625
0.60376,0.000306028
0.604248,0.000234859
0.604736,0.000270443
0.605225,0.000238417
0.605713,0.00032382
0.606201,0.000306028
0.606689,0.000313145
0.607178,0.000320262
0.607666,0.000316703
0.608154,0.00030247
0.608643,0.000306028
0.609131,0.00034873
0.609619,0.000245534
0.610107,0.000338054
0.610596,0.000298911
0.611084,0.00039499
0.611572,0.000366522
0.612061,0.000405665
0.612549,0.000434133
0.613037,0.000437691
0.613525,0.000473276
0.614014,0.000427016
0.614502,0.000505302
0.61499,0.000462601
0.615479,0.000434133
0.615967,0.000462601
0.616455,0.000508861
0.616943,0.000519536
0.617432,0.000473276
0.61792,0.000587147
0.618408,0.000523094
0.618896,0.00053377
0.619385,0.000612056
0.619873,0.000615615
0.620361,0.000661875
0.62085,0.00062629
0.621338,0.000708135
0.621826,0.000640524
0.622314,0.000850473
0.622803,0.000772187
0.623291,0.000946552
0.623779,0.000925201
0.624268,0.000989253
0.624756,0.0010106
0.625244,0.00104263
0.625732,0.00106754
0.626221,0.00109957
0.626709,0.00113871
0.627197,0.001217
0.627686,0.00131307
0.628174,0.00135933
0.628662,0.00128461
0.62915,0.00145185
0.629639,0.00140559
0.630127,0.0015764
0.630615,0.00158352
0.631104,0.00163334
0.631592,0.00169739
0.63208,0.00188599
0.632568,0.00181838
0.633057,0.00182193
0.633545,0.00186819
0.634033,0.00211729
0.634521,0.00211017
0.63501,0.00206747
0.635498,0.0022276
0.635986,0.00236282
0.636475,0.0023557
0.636963,0.00238417
0.637451,0.00266173
0.637939,0.00262259
0.638428,0.00282542
0.638916,0.00292862
0.639404,0.00291794
0.639893,0.00305316
0.640381,0.00295708
0.640869,0.00316703
0.641357,0.00319194
0.641846,0.00346239
0.642334,0.00350865
0.642822,0.00337698
0.643311,0.0036581
0.643799,0.00361896
0.644287,0.00391787
0.644775,0.00397481
0.645264,0.00408868
0.645752,0.00413138
0.64624,0.00395701
0.646729,0.00424881
0.647217,0.00448723
0.647705,0.00444097
0.648193,0.00453349
0.648682,0.00457975
0.64917,0.0048324
0.649658,0.00471141
0.650146,0.00459042
0.650635,0.00495694
0.651123,0.00506725
0.651611,0.00468294
0.6521,0.00485375
0.652588,0.005295
0.653076,0.00518113
0.653564,0.00526297
0.654053,0.00524162
0.654541,0.00586791
0.655029,0.00568999
0.655518,0.0054231
0.656006,0.00536617
0.656494,0.00542666
0.656982,0.00529856
0.657471,0.00546936
0.657959,0.00576116
0.658447,0.00577539
0.658936,0.00568999
0.659424,0.00574692
0.659912,0.00597466
0.6604,0.00567931
0.660889,0.00569354
0.661377,0.00577895
0.661865,0.00575048
0.662354,0.00599957
0.662842,0.00591061
0.66333,0.00568999
0.663818,0.00554053
0.664307,0.00549427
0.664795,0.00554409
0.665283,0.00581809
0.665771,0.00543734
0.66626,0.00548715
0.666748,0.00557256
0.667236,0.00535549
0.667725,0.00539108
0.668213,0.00543378
0.668701,0.00514198
0.669189,0.00516689
0.669678,0.00486798
0.670166,0.00512419
0.670654,0.00505302
0.671143,0.00493203
0.671631,0.00492847
0.672119,0.00472564
0.672607,0.00489289
0.673096,0.00464024
0.673584,0.00438759
0.674072,0.00444808
0.674561,0.00448011
0.675049,0.00427016
0.675537,0.00418476
0.676025,0.00391787
0.676514,0.00402462
0.677002,0.00387161
0.67749,0.00389296
0.677979,0.0038894
0.678467,0.00380756
0.678955,0.00389296
0.679443,0.00349085
0.679932,0.00346239
0.68042,0.00332361
0.680908,0.00328802
0.681396,0.00319906
0.681885,0.0030069
0.682373,0.00296776
0.682861,0.0028183
0.68335,0.00278984
0.683838,0.00272934
0.684326,0.00269376
0.684814,0.00267241
0.685303,0.00266529
0.685791,0.00257633
0.686279,0.00240908
0.686768,0.0022703
0.687256,0.002039
0.687744,0.00213152
0.688232,0.00190022
0.688721,0.00184684
0.689209,0.00201053
0.689697,0.00175788
0.690186,0.00153014
0.690674,0.00154437
0.691162,0.00152658
0.69165,0.00138424
0.692139,0.00124902
0.692627,0.00137357
0.693115,0.00134866
0.693604,0.00115294
0.694092,0.00104263
0.69458,0.00104619
0.695068,0.00113871
0.695557,0.00092876
0.696045,0.000900292
0.696533,0.00085759
0.697021,0.000918084
0.69751,0.000839798
0.697998,0.00076507
0.698486,0.000789979
0.698975,0.000754395
0.699463,0.000597822
0.699951,0.000587147
0.700439,0.000530211
0.700928,0.000615615
0.701416,0.000604939
0.701904,0.000505302
0.702393,0.000423457
0.702881,0.000512419
0.703369,0.000430574
0.703857,0.000402107
0.704346,0.000419899
0.704834,0.000341613
0.705322,0.000316703
0.705811,0.000266885
0.706299,0.000295353
0.706787,0.000291794
0.707275,0.000288236
0.707764,0.000245534
0.708252,0.00025621
0.70874,0.000227742
0.709229,0.000192157
0.709717,0.000202833
0.710205,0.000170806
0.710693,0.000160131
0.711182,0.00013878
0.71167,0.000142339
0.712158,0.000149456
0.712646,0.000113871
0.713135,0.000128105
0.713623,0.000131663
0.714111,8.18447e-05
0.7146,7.11693e-05
0.715088,8.54032e-05
0.715576,8.54032e-05
0.716064,5.69354e-05
0.716553,7.11693e-05
0.717041,7.47278e-05
0.717529,6.04939e-05
0.718018,3.91431e-05
0.718506,4.98185e-05
0.718994,2.13508e-05
0.719482,2.49093e-05
0.719971,2.13508e-05
0.720459,3.55847e-05
0.720947,4.62601e-05
0.721436,3.91431e-05
0.721924,2.49093e-05
0.722412,1.42339e-05
0.7229,1.42339e-05
0.723389,2.49093e-05
0.723877,1.42339e-05
0.724365,3.91431e-05
0.724854,1.77923e-05
0.725342,1.42339e-05
0.72583,3.55847e-06
0.726318,1.42339e-05
0.726807,1.06754e-05
0.727295,1.77923e-05
0.727783,1.42339e-05
0.728271,1.42339e-05
0.72876,7.11693e-06
0.729248,7.11693e-06
0.729736,0
0.730225,7.11693e-06
0.730713,1.06754e-05
0.731201,1.06754e-05
0.731689,0
0.732178,0
0.732666,7.11693e-06
0.733154,3.55847e-06
0.733643,0
0.734131,0
0.734619,0
0.735107,0
0.735596,0
0.736084,3.55847e-06
0.736572,0
0.737061,0
0.737549,0
0.738037,0
0.738525,0
0.739014,0
0.739502,0
0.73999,0
0.740479,3.55847e-06
0.740967,0
0.741455,3.55847e-06
0.741943,0
0.742432,0
0.74292,3.55847e-06
0.743408,0
0.743896,0
0.744385,0
0.744873,0
0.745361,3.55847e-06
0.74585,0
0.746338,0
0.746826,0
0.747314,0
0.747803,0
0.748291,3.55847e-06
0.748779,0
0.749268,0
0.749756,0
0.750244,0
0.750732,0
0.751221,0
0.751709,0
0.752197,0
0.752686,0
0.753174,0
0.753662,0
0.75415,0
0.754639,0
0.755127,0
0.755615,3.55847e-06
0.756104,0
0.756592,0
0.75708,0
0.757568,0
0.758057,0
0.758545,0
0.759033,0
0.759521,0
0.76001,0
0.760498,0
0.760986,0
0.761475,0
0.761963,0
0.762451,0
0.762939,0
0.763428,0
0.763916,0
0.764404,0
0.764893,0
0.765381,0
0.765869,0
0.766357,0
0.766846,0
0.767334,0
0.767822,3.55847e-06
0.768311,0
0.768799,0
0.769287,0
0.769775,0
0.770264,0
0.770752,0
0.77124,0
0.771729,0
0.772217,0
0.772705,0
0.773193,0
0.773682,0
0.77417,0
0.774658,0
0.775146,0
0.775635,0
0.776123,0
0.776611,0
0.7771,0
0.777588,0
0.778076,0
0.778564,0
0.779053,0
0.779541,0
0.780029,0
0.780518,0
0.781006,3.55847e-06
0.781494,0
0.781982,0
0.782471,0
0.782959,0
0.783447,0
0.783936,0
0.784424,0
0.784912,0
0.7854,0
0.785889,0
0.786377,0
0.786865,0
0.787354,0
0.787842,0
0.78833,0
0.788818,0
0.789307,0
0.789795,0
0.790283,0
0.790771,0
0.79126,0
0.791748,0
0.792236,0
0.792725,0
0.793213,0
0.793701,0
0.794189,0
0.794678,0
0.795166,0
0.795654,0
0.796143,0
0.796631,0
0.797119,0
0.797607,0
0.798096,0
0.798584,0
0.799072,0
0.799561,0
0.800049,0
0.800537,0
0.801025,0
0.801514,0
0.802002,3.55847e-06
0.80249,0
0.802979,0
0.803467,0
0.803955,0
0.804443,0
0.804932,0
0.80542,0
0.805908,0
0.806396,0
0.806885,0
0.807373,0
0.807861,0
0.80835,0
0.808838,3.55847e-06
0.809326,0
0.809814,0
0.810303,0
0.810791,0
0.811279,0
0.811768,0
0.812256,0
0.812744,0
0.813232,0
0.813721,0
0.814209,0
0.814697,0
0.815186,0
0.815674,3.55847e-06
0.816162,0
0.81665,0
0.817139,0
0.817627,0
0.818115,0
0.818604,0
0.819092,0
0.81958,0
0.820068,0
0.820557,0
0.821045,0
0.821533,0
0.822021,0
0.82251,0
0.822998,0
0.823486,0
0.823975,0
0.824463,3.55847e-06
0.824951,0
0.825439,0
0.825928,0
0.826416,0
0.826904,0
0.827393,0
0.827881,0
0.828369,0
0.828857,0
0.829346,0
0.829834,0
0.830322,0
0.830811,0
0.831299,0
0.831787,0
0.832275,0
0.832764,0
0.833252,0
0.83374,0
0.834229,0
0.834717,0
0.835205,0
0.835693,0
0.836182,0
0.83667,0
0.837158,0
0.837646,0
0.838135,0
0.838623,0
0.839111,0
0.8396,0
0.840088,0
0.840576,0
0.841064,0
0.841553,0
0.842041,0
0.842529,0
0.843018,0
0.843506,0
0.843994,0
0.844482,0
0.844971,0
0.845459,0
0.845947,0
0.846436,0
0.846924,0
0.847412,0
0.8479,0
0.848389,0
0.848877,0
0.849365,0
0.849854,0
0.850342,0
0.85083,0
0.851318,0
0.851807,0
0.852295,0
0.852783,0
0.853271,0
0.85376,0
0.854248,0
0.854736,0
0.855225,0
0.855713,0
0.856201,0
0.856689,0
0.857178,0
0.857666,0
0.858154,0
0.858643,0
0.859131,0
0.859619,0
0.860107,0
0.860596,0
0.861084,0
0.861572,0
0.862061,0
0.862549,0
0.863037,0
0.863525,0
0.864014,0
0.864502,0
0.86499,0
0.865479,0
0.865967,0
0.866455,0
0.866943,0
0.867432,0
0.86792,0
0.868408,0
0.868896,0
0.869385,0
0.869873,0
0.870361,0
0.87085,0
0.871338,0
0.871826,0
0.872314,0
0.872803,0
0.873291,0
0.873779,0
0.874268,0
0.874756,0
0.875244,0
0.875732,0
0.876221,0
0.876709,0
0.877197,0
0.877686,0
0.878174,0
0.878662,0
0.87915,0
0.879639,0
0.880127,0
0.880615,0
0.881104,0
0.881592,0
0.88208,0
0.882568,0
0.883057,0
0.883545,0
0.884033,0
0.884521,0
0.88501,0
0.885498,0
0.885986,0
0.886475,0
0.886963,0
0.887451,0
0.887939,0
0.888428,0
0.888916,0
0.889404,0
0.889893,0
0.890381,0
0.890869,0
0.891357,0
0.891846,0
0.892334,0
0.892822,0
0.893311,0
0.893799,0
0.894287,0
0.894775,0
0.895264,0
0.895752,0
0.89624,0
0.896729,0
0.897217,0
0.897705,0
0.898193,0
0.898682,0
0.89917,0
0.899658,0
0.900146,0
0.900635,0
0.901123,0
0.901611,0
0.9021,0
0.902588,0
0.903076,0
0.903564,0
0.904053,0
0.904541,0
0.905029,0
0.905518,0
0.906006,0
0.906494,0
0.906982,0
0.907471,0
0.907959,0
0.908447,0
0.908936,0
0.909424,0
0.909912,0
0.9104,0
0.910889,0
0.911377,0
0.911865,0
0.912354,0
0.912842,0
0.91333,0
0.913818,0
0.914307,0
0.914795,0
0.915283,0
0.915771,0
0.91626,0
0.916748,0
0.917236,0
0.917725,0
0.918213,0
0.918701,0
0.919189,0
0.919678,0
0.920166,0
0.920654,0
0.921143,0
0.921631,0
0.922119,0
0.922607,0
0.923096,0
0.923584,0
0.924072,0
0.924561,0
0.925049,0
0.925537,0
0.926025,0
0.926514,0
0.927002,0
0.92749,0
0.927979,0
0.928467,0
0.928955,0
0.929443,0
0.929932,0
0.93042,0
0.930908,0
0.931396,0
0.931885,0
0.932373,0
0.932861,0
0.93335,0
0.933838,0
0.934326,0
0.934814,0
0.935303,0
0.935791,0
0.936279,0
0.936768,0
0.937256,0
0.937744,0
0.938232,0
0.938721,0
0.939209,0
0.939697,0
0.940186,0
0.940674,0
0.941162,0
0.94165,0
0.942139,0
0.942627,0
0.943115,0
0.943604,0
0.944092,0
0.94458,0
0.945068,0
0.945557,0
0.946045,0
0.946533,0
0.947021,0
0.94751,0
0.947998,0
0.948486,0
0.948975,0
0.949463,0
0.949951,0
0.950439,0
0.950928,0
0.951416,0
0.951904,0
0.952393,0
0.952881,0
0.953369,0
0.953857,0
0.954346,0
0.954834,0
0.955322,0
0.955811,0
0.956299,0
0.956787,0
0.957275,0
0.957764,0
0.958252,0
0.95874,0
0.959229,0
0.959717,0
0.960205,0
0.960693,0
0.961182,0
0.96167,0
0.962158,0
0.962646,0
0.963135,0
0.963623,0
0.964111,0
0.9646,0
0.965088,0
0.965576,0
0.966064,0
0.966553,0
0.967041,0
0.967529,0
0.968018,0
0.968506,0
0.968994,0
0.969482,0
0.969971,0
0.970459,0
0.970947,0
0.971436,0
0.971924,0
0.972412,0
0.9729,0
0.973389,0
0.973877,0
0.974365,0
0.974854,0
0.975342,0
0.97583,0
0.976318,0
0.976807,0
0.977295,0
0.977783,0
0.978271,0
0.97876,0
0.979248,0
0.979736,0
0.980225,0
0.980713,0
0.981201,0
0.981689,0
0.982178,0
0.982666,0
0.983154,0
0.983643,0
0.984131,0
0.984619,0
0.985107,0
0.985596,0
0.986084,0
0.986572,0
0.987061,0
0.987549,0
0.988037,0
0.988525,0
0.989014,0
0.989502,0
0.98999,0
0.990479,0
0.990967,0
0.991455,0
0.991943,0
0.992432,0
0.99292,0
0.993408,0
0.993896,0
0.994385,0
0.994873,0
0.995361,0
0.99585,0
0.996338,0
0.996826,0
0.997314,0
0.997803,0
0.998291,0
0.998779,0
0.999268,0
0.999756,0
1.00024,0
1.00073,0
1.00122,0
1.00171,0
1.0022,0
1.00269,0
1.00317,0
1.00366,0
1.00415,0
1.00464,0
1.00513,0
1.00562,0
1.0061,0
1.00659,0
1.00708,0
1.00757,0
1.00806,0
1.00854,0
1.00903,0
1.00952,0
1.01001,0
1.0105,0
1.01099,0
1.01147,0
1.01196,0
1.01245,0
1.01294,0
1.01343,0
1.01392,0
1.0144,0
1.01489,0
1.01538,0
1.01587,0
1.01636,0
1.01685,0
1.01733,0
1.01782,0
1.01831,0
1.0188,0
1.01929,0
1.01978,0
1.02026,0
1.02075,0
1.02124,0
1.02173,0
1.02222,0
1.02271,0
1.02319,0
1.02368,0
1.02417,0
1.02466,0
1.02515,0
1.02563,0
1.02612,0
1.02661,0
1.0271,0
1.02759,0
1.02808,0
1.02856,0
1.02905,0
1.02954,0
1.03003,0
1.03052,0
1.03101,0
1.03149,0
1.03198,0
1.03247,0
1.03296,0
1.03345,0
1.03394,0
1.03442,0
1.03491,0
1.0354,0
1.03589,0
1.03638,0
1.03687,0
1.03735,0
1.03784,0
1.03833,0
1.03882,0
1.03931,0
1.03979,0
1.04028,0
1.04077,0
1.04126,0
1.04175,0
1.04224,0
1.04272,0
1.04321,0
1.0437,0
1.04419,0
1.04468,0
1.04517,0
1.04565,0
1.04614,0
1.04663,0
1.04712,0
1.04761,0
1.0481,0
1.04858,0
1.04907,0
1.04956,0
1.05005,0
1.05054,0
1.05103,0
1.05151,0
1.052,0
1.05249,0
1.05298,0
1.05347,0
1.05396,0
1.05444,0
1.05493,0
1.05542,0
1.05591,0
1.0564,0
1.05688,0
1.05737,0
1.05786,0
1.05835,0
1.05884,0
1.05933,0
1.05981,0
1.0603,0
1.06079,0
1.06128,0
1.06177,0
1.06226,0
1.06274,0
1.06323,0
1.06372,0
1.06421,0
1.0647,0
1.06519,0
1.06567,0
1.06616,0
1.06665,0
1.06714,0
1.06763,0
1.06812,0
1.0686,0
1.06909,0
1.06958,0
1.07007,0
1.07056,0
1.07104,0
1.07153,0
1.07202,0
1.07251,0
1.073,0
1.07349,0
1.07397,0
1.07446,0
1.07495,0
1.07544,0
1.07593,0
1.07642,0
1.0769,0
1.07739,0
1.07788,0
1.07837,0
1.07886,0
1.07935,0
1.07983,0
1.08032,0
1.08081,0
1.0813,0
1.08179,0
1.08228,0
1.08276,0
1.08325,0
1.08374,0
1.08423,0
1.08472,0
1.08521,0
1.08569,0
1.08618,0
1.08667,0
1.08716,0
1.08765,0
1.08813,0
1.08862,0
1.08911,0
1.0896,0
1.09009,0
1.09058,0
1.09106,0
1.09155,0
1.09204,0
1.09253,0
1.09302,0
1.09351,0
1.09399,0
1.09448,0
1.09497,0
1.09546,0
1.09595,0
1.09644,0
1.09692,0
1.09741,0
1.0979,0
1.09839,0
1.09888,0
1.09937,0
1.09985,0
1.10034,0
1.10083,0
1.10132,0
1.10181,0
1.10229,0
1.10278,0
1.10327,0
1.10376,0
1.10425,0
1.10474,0
1.10522,0
1.10571,0
1.1062,0
1.10669,0
1.10718,0
1.10767,0
1.10815,0
1.10864,0
1.10913,0
1.10962,0
1.11011,0
1.1106,0
1.11108,0
1.11157,0
1.11206,0
1.11255,0
1.11304,0
1.11353,0
1.11401,0
1.1145,0
1.11499,0
1.11548,0
1.11597,0
1.11646,0
1.11694,0
1.11743,0
1.11792,0
1.11841,0
1.1189,0
1.11938,0
1.11987,0
1.12036,0
1.12085,0
1.12134,0
1.12183,0
1.12231,0
1.1228,0
1.12329,0
1.12378,0
1.12427,0
1.12476,0
1.12524,0
1.12573,0
1.12622,0
1.12671,0
1.1272,0
1.12769,0
1.12817,0
1.12866,0
1.12915,0
1.12964,0
1.13013,0
1.13062,0
1.1311,0
1.13159,0
1.13208,0
1.13257,0
1.13306,0
1.13354,0
1.13403,0
1.13452,0
1.13501,0
1.1355,0
1.13599,0
1.13647,0
1.13696,0
1.13745,0
1.13794,0
1.13843,0
1.13892,0
1.1394,0
1.13989,0
1.14038,0
1.14087,0
1.14136,0
1.14185,0
1.14233,0
1.14282,0
1.14331,0
1.1438,0
1.14429,0
1.14478,0
1.14526,0
1.14575,0
1.14624,0
1.14673,0
1.14722,0
1.14771,0
1.14819,0
1.14868,0
1.14917,0
1.14966,0
1.15015,0
1.15063,0
1.15112,0
1.15161,0
1.1521,0
1.15259,0
1.15308,0
1.15356,0
1.15405,0
1.15454,0
1.15503,0
1.15552,0
1.15601,0
1.15649,0
1.15698,0
1.15747,0
1.15796,0
1.15845,0
1.15894,0
1.15942,0
1.15991,0
1.1604,0
1.16089,0
1.16138,0
1.16187,0
1.16235,0
1.16284,0
1.16333,0
1.16382,0
1.16431,0
1.16479,0
1.16528,0
1.16577,0
1.16626,0
1.16675,0
1.16724,0
1.16772,0
1.16821,0
1.1687,0
1.16919,0
1.16968,0
1.17017,0
1.17065,0
1.17114,0
1.17163,0
1.17212,0
1.17261,0
1.1731,0
1.17358,0
1.17407,0
1.17456,0
1.17505,0
1.17554,0
1.17603,0
1.17651,0
1.177,0
1.17749,0
1.17798,0
1.17847,0
1.17896,0
1.17944,0
1.17993,0
1.18042,0
1.18091,0
1.1814,0
1.18188,0
1.18237,0
1.18286,0
1.18335,0
1.18384,0
1.18433,0
1.18481,0
1.1853,0
1.18579,0
1.18628,0
1.18677,0
1.18726,0
1.18774,0
1.18823,0
1.18872,0
1.18921,0
1.1897,0
1.19019,0
1.19067,0
1.19116,0
1.19165,0
1.19214,0
1.19263,0
1.19312,0
1.1936,0
1.19409,0
1.19458,0
1.19507,0
1.19556,0
1.19604,0
1.19653,0
1.19702,0
1.19751,0
1.198,0
1.19849,0
1.19897,0
1.19946,0
1.19995,0
1.20044,0
1.20093,0
1.20142,0
1.2019,0
1.20239,0
1.20288,0
1.20337,0
1.20386,0
1.20435,0
1.20483,0
1.20532,0
1.20581,0
1.2063,0
1.20679,0
1.20728,0
1.20776,0
1.20825,0
1.20874,0
1.20923,0
1.20972,0
1.21021,0
1.21069,0
1.21118,0
1.21167,0
1.21216,0
1.21265,0
1.21313,0
1.21362,0
1.21411,0
1.2146,0
1.21509,0
1.21558,0
1.21606,0
1.21655,0
1.21704,0
1.21753,0
1.21802,0
1.21851,0
1.21899,0
1.21948,0
1.21997,0
1.22046,0
1.22095,0
1.22144,0
1.22192,0
1.22241,0
1.2229,0
1.22339,0
1.22388,0
1.22437,0
1.22485,0
1.22534,0
1.22583,0
1.22632,0
1.22681,0
1.22729,0
1.22778,0
1.22827,0
1.22876,0
1.22925,0
1.22974,0
1.23022,0
1.23071,0
1.2312,0
1.23169,0
1.23218,0
1.23267,0
1.23315,0
1.23364,0
1.23413,0
1.23462,0
1.23511,0
1.2356,0
1.23608,0
1.23657,0
1.23706,0
1.23755,0
1.23804,0
1.23853,0
1.23901,0
1.2395,0
1.23999,0
1.24048,0
1.24097,0
1.24146,0
1.24194,0
1.24243,0
1.24292,0
1.24341,0
1.2439,0
1.24438,0
1.24487,0
1.24536,0
1.24585,0
1.24634,0
1.24683,0
1.24731,0
1.2478,0
1.24829,0
1.24878,0
1.24927,0
1.24976,0
1.25024,0
1.25073,0
1.25122,0
1.25171,0
1.2522,0
1.25269,0
1.25317,0
1.25366,0
1.25415,0
1.25464,0
1.25513,0
1.25562,0
1.2561,0
1.25659,0
1.25708,0
1.25757,0
1.25806,0
1.25854,0
1.25903,0
1.25952,0
1.26001,0
1.2605,0
1.26099,0
1.26147,0
1.26196,0
1.26245,0
1.26294,0
1.26343,0
1.26392,0
1.2644,0
1.26489,0
1.26538,0
1.26587,0
1.26636,0
1.26685,0
1.26733,0
1.26782,0
1.26831,0
1.2688,0
1.26929,0
1.26978,0
1.27026,0
1.27075,0
1.27124,0
1.27173,0
1.27222,0
1.27271,0
1.27319,0
1.27368,0
1.27417,0
1.27466,0
1.27515,0
1.27563,0
1.27612,0
1.27661,0
1.2771,0
1.27759,0
1.27808,0
1.27856,0
1.27905,0
1.27954,0
1.28003,0
1.28052,0
1.28101,0
1.28149,0
1.28198,0
1.28247,0
1.28296,0
1.28345,0
1.28394,0
1.28442,0
1.28491,0
1.2854,0
1.28589,0
1.28638,0
1.28687,0
1.28735,0
1.28784,0
1.28833,0
1.28882,0
1.28931,0
1.28979,0
1.29028,0
1.29077,0
1.29126,0
1.29175,0
1.29224,0
1.29272,0
1.29321,0
1.2937,0
1.29419,0
1.29468,0
1.29517,0
1.29565,0
1.29614,0
1.29663,0
1.29712,0
1.29761,0
1.2981,0
1.29858,0
1.29907,0
1.29956,0
1.30005,0
1.30054,0
1.30103,0
1.30151,0
1.302,0
1.30249,0
1.30298,0
1.30347,0
1.30396,0
1.30444,0
1.30493,0
1.30542,0
1.30591,0
1.3064,0
1.30688,0
1.30737,0
1.30786,0
1.30835,0
1.30884,0
1.30933,0
1.30981,0
1.3103,0
1.31079,0
1.31128,0
1.31177,0
1.31226,0
1.31274,0
1.31323,0
1.31372,0
1.31421,0
1.3147,0
1.31519,0
1.31567,0
1.31616,0
1.31665,0
1.31714,0
1.31763,0
1.31812,0
1.3186,0
1.31909,0
1.31958,0
1.32007,0
1.32056,0
1.32104,0
1.32153,0
1.32202,0
1.32251,0
1.323,0
1.32349,0
1.32397,0
1.32446,0
1.32495,0
1.32544,0
1.32593,0
1.32642,0
1.3269,0
1.32739,0
1.32788,0
1.32837,0
1.32886,0
1.32935,0
1.32983,0
1.33032,0
1.33081,0
1.3313,0
1.33179,0
1.33228,0
1.33276,0
1.33325,0
1.33374,0
1.33423,0
1.33472,0
1.33521,0
1.33569,0
1.33618,0
1.33667,0
1.33716,0
1.33765,0
1.33813,0
1.33862,0
1.33911,0
1.3396,0
1.34009,0
1.34058,0
1.34106,0
1.34155,0
1.34204,0
1.34253,0
1.34302,0
1.34351,0
1.34399,0
1.34448,0
1.34497,0
1.34546,0
1.34595,0
1.34644,0
1.34692,0
1.34741,0
1.3479,0
1.34839,0
1.34888,0
1.34937,0
1.34985,0
1.35034,0
1.35083,0
1.35132,0
1.35181,0
1.35229,0
1.35278,0
1.35327,0
1.35376,0
1.35425,0
1.35474,0
1.35522,0
1.35571,0
1.3562,0
1.35669,0
1.35718,0
1.35767,0
1.35815,0
1.35864,0
1.35913,0
1.35962,0
1.36011,0
1.3606,0
1.36108,0
1.36157,0
1.36206,0
1.36255,0
1.36304,0
1.36353,0
1.36401,0
1.3645,0
1.36499,0
1.36548,0
1.36597,0
1.36646,0
1.36694,0
1.36743,0
1.36792,0
1.36841,0
1.3689,0
1.36938,0
1.36987,0
1.37036,0
1.37085,0
1.37134,0
1.37183,0
1.37231,0
1.3728,0
1.37329,0
1.37378,0
1.37427,0
1.37476,0
1.37524,0
1.37573,0
1.37622,0
1.37671,0
1.3772,0
1.37769,0
1.37817,0
1.37866,0
1.37915,0
1.37964,0
1.38013,0
1.38062,0
1.3811,0
1.38159,0
1.38208,0
1.38257,0
1.38306,0
1.38354,0
1.38403,0
1.38452,0
1.38501,0
1.3855,0
1.38599,0
1.38647,0
1.38696,0
1.38745,0
1.38794,0
1.38843,0
1.38892,0
1.3894,0
1.38989,0
1.39038,0
1.39087,0
1.39136,0
1.39185,0
1.39233,0
1.39282,0
1.39331,0
1.3938,0
1.39429,0
1.39478,0
1.39526,0
1.39575,0
1.39624,0
1.39673,0
1.39722,0
1.39771,0
1.39819,0
1.39868,0
1.39917,0
1.39966,0
1.40015,0
1.40063,0
1.40112,0
1.40161,0
1.4021,0
1.40259,0
1.40308,0
1.40356,0
1.40405,0
1.40454,0
1.40503,0
1.40552,0
1.40601,0
1.40649,0
1.40698,0
1.40747,0
1.40796,0
1.40845,0
1.40894,0
1.40942,0
1.40991,0
1.4104,0
1.41089,0
1.41138,0
1.41187,0
1.41235,0
1.41284,0
1.41333,0
1.41382,0
1.41431,0
1.41479,0
1.41528,0
1.41577,0
1.41626,0
1.41675,0
1.41724,0
1.41772,0
1.41821,0
1.4187,0
1.41919,0
1.41968,0
1.42017,0
1.42065,0
1.42114,0
1.42163,0
1.42212,0
1.42261,0
1.4231,0
1.42358,0
1.42407,0
1.42456,0
1.42505,0
1.42554,0
1.42603,0
1.42651,0
1.427,0
1.42749,0
1.42798,0
1.42847,0
1.42896,0
1.42944,0
1.42993,0
1.43042,0
1.43091,0
1.4314,0
1.43188,0
1.43237,0
1.43286,0
1.43335,0
1.43384,0
1.43433,0
1.43481,0
1.4353,0
1.43579,0
1.43628,0
1.43677,0
1.43726,0
1.43774,0
1.43823,0
1.43872,0
1.43921,0
1.4397,0
1.44019,0
1.44067,0
1.44116,0
1.44165,0
1.44214,0
1.44263,0
1.44312,0
1.4436,0
1.44409,0
1.44458,0
1.44507,0
1.44556,0
1.44604,0
1.44653,0
1.44702,0
1.44751,0
1.448,0
1.44849,0
1.44897,0
1.44946,0
1.44995,0
1.45044,0
1.45093,0
1.45142,0
1.4519,0
1.45239,0
1.45288,0
1.45337,0
1.45386,0
1.45435,0
1.45483,0
1.45532,0
1.45581,0
1.4563,0
1.45679,0
1.45728,0
1.45776,0
1.45825,0
1.45874,0
1.45923,0
1.45972,0
1.46021,0
1.46069,0
1.46118,0
1.46167,0
1.46216,0
1.46265,0
1.46313,0
1.46362,0
1.46411,0
1.4646,0
1.46509,0
1.46558,0
1.46606,0
1.46655,0
1.46704,0
1.46753,0
1.46802,0
1.46851,0
1.46899,0
1.46948,0
1.46997,0
1.47046,0
1.47095,0
1.47144,0
1.47192,0
1.47241,0
1.4729,0
1.47339,0
1.47388,0
1.47437,0
1.47485,0
1.47534,0
1.47583,0
1.47632,0
1.47681,0
1.47729,0
1.47778,0
1.47827,0
1.47876,0
1.47925,0
1.47974,0
1.48022,0
1.48071,0
1.4812,0
1.48169,0
1.48218,0
1.48267,0
1.48315,0
1.48364,0
1.48413,0
1.48462,0
1.48511,0
1.4856,0
1.48608,0
1.48657,0
1.48706,0
1.48755,0
1.48804,0
1.48853,0
1.48901,0
1.4895,0
1.48999,0
1.49048,0
1.49097,0
1.49146,0
1.49194,0
1.49243,0
1.49292,0
1.49341,0
1.4939,0
1.49438,0
1.49487,0
1.49536,0
1.49585,0
1.49634,0
1.49683,0
1.49731,0
1.4978,0
1.49829,0
1.49878,0
1.49927,0
1.49976,0
1.50024,0
1.50073,0
1.50122,0
1.50171,0
1.5022,0
1.50269,0
1.50317,0
1.50366,0
1.50415,0
1.50464,0
1.50513,0
1.50562,0
1.5061,0
1.50659,0
1.50708,0
1.50757,0
1.50806,0
1.50854,0
1.50903,0
1.50952,0
1.51001,0
1.5105,0
1.51099,0
1.51147,0
1.51196,0
1.51245,0
1.51294,0
1.51343,0
1.51392,0
1.5144,0
1.51489,0
1.51538,0
1.51587,0
1.51636,0
1.51685,0
1.51733,0
1.51782,0
1.51831,0
1.5188,0
1.51929,0
1.51978,0
1.52026,0
1.52075,0
1.52124,0
1.52173,0
1.52222,0
1.52271,0
1.52319,0
1.52368,0
1.52417,0
1.52466,0
1.52515,0
1.52563,0
1.52612,0
1.52661,0
1.5271,0
1.52759,0
1.52808,0
1.52856,0
1.52905,0
1.52954,0
1.53003,0
1.53052,0
1.53101,0
1.53149,0
1.53198,0
1.53247,0
1.53296,0
1.53345,0
1.53394,0
1.53442,0
1.53491,0
1.5354,0
1.53589,0
1.53638,0
1.53687,0
1.53735,0
1.53784,0
1.53833,0
1.53882,0
1.53931,0
1.53979,0
1.54028,0
1.54077,0
1.54126,0
1.54175,0
1.54224,0
1.54272,0
1.54321,0
1.5437,0
1.54419,0
1.54468,0
1.54517,0
1.54565,0
1.54614,0
1.54663,0
1.54712,0
1.54761,0
1.5481,0
1.54858,0
1.54907,0
1.54956,0
1.55005,0
1.55054,0
1.55103,0
1.55151,0
1.552,0
1.55249,0
1.55298,0
1.55347,0
1.55396,0
1.55444,0
1.55493,0
1.55542,0
1.55591,0
1.5564,0
1.55688,0
1.55737,0
1.55786,0
1.55835,0
1.55884,0
1.55933,0
1.55981,0
1.5603,0
1.56079,0
1.56128,0
1.56177,0
1.56226,0
1.56274,0
1.56323,0
1.56372,0
1.56421,0
1.5647,0
1.56519,0
1.56567,0
1.56616,0
1.56665,0
1.56714,0
1.56763,0
1.56812,0
1.5686,0
1.56909,0
1.56958,0
1.57007,0
1.57056,0
1.57104,0
1.57153,0
1.57202,0
1.57251,0
1.573,0
1.57349,0
1.57397,0
1.57446,0
1.57495,0
1.57544,0
1.57593,0
1.57642,0
1.5769,0
1.57739,0
1.57788,0
1.57837,0
1.57886,0
1.57935,0
1.57983,0
1.58032,0
1.58081,0
1.5813,0
1.58179,0
1.58228,0
1.58276,0
1.58325,0
1.58374,0
1.58423,0
1.58472,0
1.58521,0
1.58569,0
1.58618,0
1.58667,0
1.58716,0
1.58765,0
1.58813,0
1.58862,0
1.58911,0
1.5896,0
1.59009,0
1.59058,0
1.59106,0
1.59155,0
1.59204,0
1.59253,0
1.59302,0
1.59351,0
1.59399,0
1.59448,0
1.59497,0
1.59546,0
1.59595,0
1.59644,0
1.59692,0
1.59741,0
1.5979,0
1.59839,0
1.59888,0
1.59937,0
1.59985,0
1.60034,0
1.60083,0
1.60132,0
1.60181,0
1.60229,0
1.60278,0
1.60327,0
1.60376,0
1.60425,0
1.60474,0
1.60522,0
1.60571,0
1.6062,0
1.60669,0
1.60718,0
1.60767,0
1.60815,0
1.60864,0
1.60913,0
1.60962,0
1.61011,0
1.6106,0
1.61108,0
1.61157,0
1.61206,0
1.61255,0
1.61304,0
1.61353,0
1.61401,0
1.6145,0
1.61499,0
1.61548,0
1.61597,0
1.61646,0
1.61694,0
1.61743,0
1.61792,0
1.61841,0
1.6189,0
1.61938,0
1.61987,0
1.62036,0
1.62085,0
1.62134,0
1.62183,0
1.62231,0
1.6228,0
1.62329,0
1.62378,0
1.62427,0
1.62476,0
1.62524,0
1.62573,0
1.62622,0
1.62671,0
1.6272,0
1.62769,0
1.62817,0
1.62866,0
1.62915,0
1.62964,0
1.63013,0
1.63062,0
1.6311,0
1.63159,0
1.63208,0
1.63257,0
1.63306,0
1.63354,0
1.63403,0
1.63452,0
1.63501,0
1.6355,0
1.63599,0
1.63647,0
1.63696,0
1.63745,0
1.63794,0
1.63843,0
1.63892,0
1.6394,0
1.63989,0
1.64038,0
1.64087,0
1.64136,0
1.64185,0
1.64233,0
1.64282,0
1.64331,0
1.6438,0
1.64429,0
1.64478,0
1.64526,0
1.64575,0
1.64624,0
1.64673,0
1.64722,0
1.64771,0
1.64819,0
1.64868,0
1.64917,0
1.64966,0
1.65015,0
1.65063,0
1.65112,0
1.65161,0
1.6521,0
1.65259,0
1.65308,0
1.65356,0
1.65405,0
1.65454,0
1.65503,0
1.65552,0
1.65601,0
1.65649,0
1.65698,0
1.65747,0
1.65796,0
1.65845,0
1.65894,0
1.65942,0
1.65991,0
1.6604,0
1.66089,0
1.66138,0
1.66187,0
1.66235,0
1.66284,0
1.66333,0
1.66382,0
1.66431,0
1.66479,0
1.66528,0
1.66577,0
1.66626,0
1.66675,0
1.66724,0
1.66772,0
1.66821,0
1.6687,0
1.66919,0
1.66968,0
1.67017,0
1.67065,0
1.67114,0
1.67163,0
1.67212,0
1.67261,0
1.6731,0
1.67358,0
1.67407,0
1.67456,0
1.67505,0
1.67554,0
1.67603,0
1.67651,0
1.677,0
1.67749,0
1.67798,0
1.67847,0
1.67896,0
1.67944,0
1.67993,0
1.68042,0
1.68091,0
1.6814,0
1.68188,0
1.68237,0
1.68286,0
1.68335,0
1.68384,0
1.68433,0
1.68481,0
1.6853,0
1.68579,0
1.68628,0
1.68677,0
1.68726,0
1.68774,0
1.68823,0
1.68872,0
1.68921,0
1.6897,0
1.69019,0
1.69067,0
1.69116,0
1.69165,0
1.69214,0
1.69263,0
1.69312,0
1.6936,0
1.69409,0
1.69458,0
1.69507,0
1.69556,0
1.69604,0
1.69653,0
1.69702,0
1.69751,0
1.698,0
1.69849,0
1.69897,0
1.69946,0
1.69995,0
1.70044,0
1.70093,0
1.70142,0
1.7019,0
1.70239,0
1.70288,0
1.70337,0
1.70386,0
1.70435,0
1.70483,0
1.70532,0
1.70581,0
1.7063,0
1.70679,0
1.70728,0
1.70776,0
1.70825,0
1.70874,0
1.70923,0
1.70972,0
1.71021,0
1.71069,0
1.71118,0
1.71167,0
1.71216,0
1.71265,0
1.71313,0
1.71362,0
1.71411,0
1.7146,0
1.71509,0
1.71558,0
1.71606,0
1.71655,0
1.71704,0
1.71753,0
1.71802,0
1.71851,0
1.71899,0
1.71948,0
1.71997,0
1.72046,0
1.72095,0
1.72144,0
1.72192,0
1.72241,0
1.7229,0
1.72339,0
1.72388,0
1.72437,0
1.72485,0
1.72534,0
1.72583,0
1.72632,0
1.72681,0
1.72729,0
1.72778,0
1.72827,0
1.72876,0
1.72925,0
1.72974,0
1.73022,0
1.73071,0
1.7312,0
1.73169,0
1.73218,0
1.73267,0
1.73315,0
1.73364,0
1.73413,0
1.73462,0
1.73511,0
1.7356,0
1.73608,0
1.73657,0
1.73706,0
1.73755,0
1.73804,0
1.73853,0
1.73901,0
1.7395,0
1.73999,0
1.74048,0
1.74097,0
1.74146,0
1.74194,0
1.74243,0
1.74292,0
1.74341,0
1.7439,0
1.74438,0
1.74487,0
1.74536,0
1.74585,0
1.74634,0
1.74683,0
1.74731,0
1.7478,0
1.74829,0
1.74878,0
1.74927,0
1.74976,0
1.75024,0
1.75073,0
1.75122,0
1.75171,0
1.7522,0
1.75269,0
1.75317,0
1.75366,0
1.75415,0
1.75464,0
1.75513,0
1.75562,0
1.7561,0
1.75659,0
1.75708,0
1.75757,0
1.75806,0
1.75854,0
1.75903,0
1.75952,0
1.76001,0
1.7605,0
1.76099,0
1.76147,0
1.76196,0
1.76245,0
1.76294,0
1.76343,0
1.76392,0
1.7644,0
1.76489,0
1.76538,0
1.76587,0
1.76636,0
1.76685,0
1.76733,0
1.76782,0
1.76831,0
1.7688,0
1.76929,0
1.76978,0
1.77026,0
1.77075,0
1.77124,0
1.77173,0
1.77222,0
1.77271,0
1.77319,0
1.77368,0
1.77417,0
1.77466,0
1.77515,0
1.77563,0
1.77612,0
1.77661,0
1.7771,0
1.77759,0
1.77808,0
1.77856,0
1.77905,0
1.77954,0
1.78003,0
1.78052,0
1.78101,0
1.78149,0
1.78198,0
1.78247,0
1.78296,0
1.78345,0
1.78394,0
1.78442,0
1.78491,0
1.7854,0
1.78589,0
1.78638,0
1.78687,0
1.78735,0
1.78784,0
1.78833,0
1.78882,0
1.78931,0
1.78979,0
1.79028,0
1.79077,0
1.79126,0
1.79175,0
1.79224,0
1.79272,0
1.79321,0
1.7937,0
1.79419,0
1.79468,0
1.79517,0
1.79565,0
1.79614,0
1.79663,0
1.79712,0
1.79761,0
1.7981,0
1.79858,0
1.79907,0
1.79956,0
1.80005,0
1.80054,0
1.80103,0
1.80151,0
1.802,0
1.80249,0
1.80298,0
1.80347,0
1.80396,0
1.80444,0
1.80493,0
1.80542,0
1.80591,0
1.8064,0
1.80688,0
1.80737,0
1.80786,0
1.80835,0
1.80884,0
1.80933,0
1.80981,0
1.8103,0
1.81079,0
1.81128,0
1.81177,0
1.81226,0
1.81274,0
1.81323,0
1.81372,0
1.81421,0
1.8147,0
1.81519,0
1.81567,0
1.81616,0
1.81665,0
1.81714,0
1.81763,0
1.81812,0
1.8186,0
1.81909,0
1.81958,0
1.82007,0
1.82056,0
1.82104,0
1.82153,0
1.82202,0
1.82251,0
1.823,0
1.82349,0
1.82397,0
1.82446,0
1.82495,0
1.82544,0
1.82593,0
1.82642,0
1.8269,0
1.82739,0
1.82788,0
1.82837,0
1.82886,0
1.82935,0
1.82983,0
1.83032,0
1.83081,0
1.8313,0
1.83179,0
1.83228,0
1.83276,0
1.83325,0
1.83374,0
1.83423,0
1.83472,0
1.83521,0
1.83569,0
1.83618,0
1.83667,0
1.83716,0
1.83765,0
1.83813,0
1.83862,0
1.83911,0
1.8396,0
1.84009,0
1.84058,0
1.84106,0
1.84155,0
1.84204,0
1.84253,0
1.84302,0
1.84351,0
1.84399,0
1.84448,0
1.84497,0
1.84546,0
1.84595,0
1.84644,0
1.84692,0
1.84741,0
1.8479,0
1.84839,0
1.84888,0
1.84937,0
1.84985,0
1.85034,0
1.85083,0
1.85132,0
1.85181,0
1.85229,0
1.85278,0
1.85327,0
1.85376,0
1.85425,0
1.85474,0
1.85522,0
1.85571,0
1.8562,0
1.85669,0
1.85718,0
1.85767,0
1.85815,0
1.85864,0
1.85913,0
1.85962,0
1.86011,0
1.8606,0
1.86108,0
1.86157,0
1.86206,0
1.86255,0
1.86304,0
1.86353,0
1.86401,0
1.8645,0
1.86499,0
1.86548,0
1.86597,0
1.86646,0
1.86694,0
1.86743,0
1.86792,0
1.86841,0
1.8689,0
1.86938,0
1.86987,0
1.87036,0
1.87085,0
1.87134,0
1.87183,0
1.87231,0
1.8728,0
1.87329,0
1.87378,0
1.87427,0
1.87476,0
1.87524,0
1.87573,0
1.87622,0
1.87671,0
1.8772,0
1.87769,0
1.87817,0
1.87866,0
1.87915,0
1.87964,0
1.88013,0
1.88062,0
1.8811,0
1.88159,0
1.88208,0
1.88257,0
1.88306,0
1.88354,0
1.88403,0
1.88452,0
1.88501,0
1.8855,0
1.88599,0
1.88647,0
1.88696,0
1.88745,0
1.88794,0
1.88843,0
1.88892,0
1.8894,0
1.88989,0
1.89038,0
1.89087,0
1.89136,0
1.89185,0
1.89233,0
1.89282,0
1.89331,0
1.8938,0
1.89429,0
1.89478,0
1.89526,0
1.89575,0
1.89624,0
1.89673,0
1.89722,0
1.89771,0
1.89819,0
1.89868,0
1.89917,0
1.89966,0
1.90015,0
1.90063,0
1.90112,0
1.90161,0
1.9021,0
1.90259,0
1.90308,0
1.90356,0
1.90405,0
1.90454,0
1.90503,0
1.90552,0
1.90601,0
1.90649,0
1.90698,0
1.90747,0
1.90796,0
1.90845,0
1.90894,0
1.90942,0
1.90991,0
1.9104,0
1.91089,0
1.91138,0
1.91187,0
1.91235,0
1.91284,0
1.91333,0
1.91382,0
1.91431,0
1.91479,0
1.91528,0
1.91577,0
1.91626,0
1.91675,0
1.91724,0
1.91772,0
1.91821,0
1.9187,0
1.91919,0
1.91968,0
1.92017,0
1.92065,0
1.92114,0
1.92163,0
1.92212,0
1.92261,0
1.9231,0
1.92358,0
1.92407,0
1.92456,0
1.92505,0
1.92554,0
1.92603,0
1.92651,0
1.927,0
1.92749,0
1.92798,0
1.92847,0
1.92896,0
1.92944,0
1.92993,0
1.93042,0
1.93091,0
1.9314,0
1.93188,0
1.93237,0
1.93286,0
1.93335,0
1.93384,0
1.93433,0
1.93481,0
1.9353,0
1.93579,0
1.93628,0
1.93677,0
1.93726,0
1.93774,0
1.93823,0
1.93872,0
1.93921,0
1.9397,0
1.94019,0
1.94067,0
1.94116,0
1.94165,0
1.94214,0
1.94263,0
1.94312,0
1.9436,0
1.94409,0
1.94458,0
1.94507,0
1.94556,0
1.94604,0
1.94653,0
1.94702,0
1.94751,0
1.948,0
1.94849,0
1.94897,0
1.94946,0
1.94995,0
1.95044,0
1.95093,0
1.95142,0
1.9519,0
1.95239,0
1.95288,0
1.95337,0
1.95386,0
1.95435,0
1.95483,0
1.95532,0
1.95581,0
1.9563,0
1.95679,0
1.95728,0
1.95776,0
1.95825,0
1.95874,0
1.95923,0
1.95972,0
1.96021,0
1.96069,0
1.96118,0
1.96167,0
1.96216,0
1.96265,0
1.96313,0
1.96362,0
1.96411,0
1.9646,0
1.96509,0
1.96558,0
1.96606,0
1.96655,0
1.96704,0
1.96753,0
1.96802,0
1.96851,0
1.96899,0
1.96948,0
1.96997,0
1.97046,0
1.97095,0
1.97144,0
1.97192,0
1.97241,0
1.9729,0
1.97339,0
1.97388,0
1.97437,0
1.97485,0
1.97534,0
1.97583,0
1.97632,0
1.97681,0
1.97729,0
1.97778,0
1.97827,0
1.97876,0
1.97925,0
1.97974,0
1.98022,0
1.98071,0
1.9812,0
1.98169,0
1.98218,0
1.98267,0
1.98315,0
1.98364,0
1.98413,0
1.98462,0
1.98511,0
1.9856,0
1.98608,0
1.98657,0
1.98706,0
1.98755,0
1.98804,0
1.98853,0
1.98901,0
1.9895,0
1.98999,0
1.99048,0
1.99097,0
1.99146,0
1.99194,0
1.99243,0
1.99292,0
1.99341,0
1.9939,0
1.99438,0
1.99487,0
1.99536,0
1.99585,0
1.99634,0
1.99683,0
1.99731,0
1.9978,0
1.99829,0
1.99878,0
1.99927,0
1.99976,0
